case,psi7_genus,dice
ACDC_006,0.1,0.9929988448445092
ACDC_026,0.0909090909090909,0.9893922790644742
ACDC_030,0.1111111111111111,0.988940875057546
ACDC_034,0.125,0.9861880204830836
ACDC_036,0.125,0.9951694321332276
ACDC_040,0.1111111111111111,0.9835306336391404
ACDC_042,0.1111111111111111,0.983709687424042
ACDC_044,0.125,0.9859130035315872
ACDC_048,0.1,0.9952783034931943
ACDC_050,0.0769230769230769,0.9881501270176352
ACDC_052,0.1428571428571428,0.9897735163555376
ACDC_056,0.1111111111111111,0.9883229018566054
ACDC_068,0.125,0.9968810984573802
ACDC_082,0.125,0.9824671259486814
ACDC_090,0.125,0.982736463838712
ACDC_110,0.1428571428571428,0.993849210127578
ACDC_112,0.1428571428571428,0.995722563074083
ACDC_128,0.1111111111111111,0.983248378705636
ACDC_142,0.0714285714285714,0.9837574905282556
ACDC_154,0.0588235294117647,0.9868049546234748
