case,psi6_cc,dice
ACDC_001,1.0,0.9968965407241848
ACDC_003,1.0,0.9882809079014824
ACDC_004,3.0,0.982058621970558
ACDC_005,1.0,0.992769718171876
ACDC_006,1.0,0.9929988448445092
ACDC_016,1.0,0.997556552143692
ACDC_021,1.0,0.986788636169658
ACDC_022,1.0,0.9878611760074903
ACDC_025,1.0,0.9898019899170224
ACDC_045,1.0,0.997835148869514
ACDC_046,1.0,0.9966692666474538
ACDC_048,1.0,0.9952783034931943
ACDC_058,1.0,0.9882397258525102
ACDC_059,1.0,0.9946826509272828
ACDC_065,1.0,0.9840436316701066
ACDC_066,1.0,0.9802395890597024
ACDC_069,1.0,0.9957521774048635
ACDC_071,1.0,0.987609952399884
ACDC_072,1.0,0.988240789912947
ACDC_074,1.0,0.9977799221830604
ACDC_075,1.0,0.984279739721718
ACDC_076,2.0,0.9767770353734988
ACDC_077,1.0,0.9821274315886314
ACDC_079,1.0,0.9836293167385494
ACDC_080,1.0,0.9872380222556107
ACDC_081,1.0,0.9834794722142391
ACDC_082,1.0,0.9824671259486814
ACDC_086,1.0,0.9790186562732974
ACDC_087,1.0,0.9857050918801932
ACDC_091,1.0,0.9881966642354468
ACDC_094,1.0,0.984733241630449
ACDC_096,3.0,0.9969359109903084
ACDC_097,1.0,0.9881173177543134
ACDC_101,1.0,0.9844205388927776
ACDC_104,1.0,0.9879123634201088
ACDC_105,3.0,0.9873350687599546
ACDC_112,1.0,0.995722563074083
ACDC_113,1.0,0.9958980596502586
ACDC_117,1.0,0.9867554302444552
ACDC_119,1.0,0.9952683103297508
ACDC_123,1.0,0.9891423849880856
ACDC_129,1.0,0.9891183105177728
ACDC_138,2.0,0.9808310460438148
ACDC_142,3.0,0.9837574905282556
ACDC_145,1.0,0.9959002303971316
ACDC_154,1.0,0.9868049546234748
