case,psi10_centroid,dice
ACDC_112,0.0519486364428752,0.9339821888903166
ACDC_052,0.0565486695224436,0.7965018974603219
ACDC_110,0.057506402834672,0.9392353047118754
ACDC_152,0.0600190609216113,0.8362957005643822
ACDC_066,0.0613410435978438,0.8950280727918073
ACDC_096,0.0642147491734344,0.900588670721045
ACDC_051,0.0644901412372467,0.9149142504895984
ACDC_151,0.0647731404513986,0.8666849165145178
ACDC_060,0.0651066298728616,0.8756751607229698
ACDC_130,0.0651743404626555,0.954671269671264
ACDC_160,0.0655696573681777,0.9112242394778254
ACDC_111,0.0659188197820178,0.9453674363326132
ACDC_118,0.0663986426977034,0.8861877156695384
ACDC_034,0.0664583981623447,0.8999887806859427
ACDC_074,0.0674879694416569,0.8894556927558237
ACDC_062,0.0675265411847508,0.9075116254794532
ACDC_136,0.067763259644013,0.8418307892740172
ACDC_080,0.0680454851942231,0.8915254965191816
ACDC_140,0.0682349567080793,0.8212252070377469
ACDC_116,0.0692430970843214,0.940889276431263
ACDC_064,0.069268530161133,0.9160025569221596
ACDC_078,0.0695669037294981,0.8300011835023131
ACDC_109,0.0714581813052924,0.9495253477267868
ACDC_056,0.0715390214200944,0.9010486656553228
ACDC_046,0.0719762555160363,0.8610044858526718
ACDC_159,0.0720350240232123,0.9323567409872632
ACDC_120,0.0721384811094465,0.9106344018919597
ACDC_050,0.0723356672563482,0.9142090353304568
ACDC_092,0.0723870553183206,0.9281631473488788
ACDC_048,0.072413979018422,0.7394147930932206
ACDC_094,0.0725018003965095,0.9331926297970528
ACDC_036,0.0730725234048455,0.9202477812001884
ACDC_030,0.0733503246850478,0.8273585806549487
ACDC_032,0.0741302539938074,0.8976168324900559
ACDC_146,0.0741733021738186,0.8137617870444727
ACDC_114,0.0743548151770553,0.94149640776382
ACDC_108,0.0752893173416686,0.9431803563544544
ACDC_104,0.0755193571389703,0.93735205717797
ACDC_156,0.075795577521571,0.9299597809749048
ACDC_065,0.0761263094497266,0.933469349527715
ACDC_073,0.0762536250122004,0.9061346643298084
ACDC_076,0.0765643773142399,0.895076762301834
ACDC_084,0.0767724181001914,0.9320658720990916
ACDC_102,0.0769456242784011,0.8111101822290956
ACDC_134,0.077096144713737,0.9008162340078986
ACDC_150,0.0771198378552599,0.863933710258426
ACDC_126,0.0771505824674986,0.9385713601812008
ACDC_033,0.0772798393020269,0.9285193072757666
