case,psi1_convex,dice
ACDC_076,2.2829181494661923,0.9767770353734988
ACDC_004,1.9855750487329435,0.982058621970558
ACDC_078,1.9052401746724887,0.9837232890017104
ACDC_048,1.7464443354585582,0.9952783034931943
ACDC_084,1.6807238917482985,0.9860973634999576
ACDC_014,1.6774744027303754,0.9861781518102098
ACDC_086,1.6669642857142857,0.9790186562732974
ACDC_060,1.6528893991580558,0.992872866344238
ACDC_066,1.6267266302601993,0.9802395890597024
ACDC_126,1.5966697502312674,0.987165880097858
ACDC_075,1.573045939473111,0.984279739721718
ACDC_002,1.5571428571428572,0.9970336567734732
ACDC_083,1.542636416976335,0.9854685663262872
ACDC_096,1.5338659256686349,0.9969359109903084
ACDC_040,1.5134815981106082,0.9835306336391404
ACDC_068,1.50944,0.9968810984573802
ACDC_110,1.5016455101081336,0.993849210127578
ACDC_026,1.4990318416523236,0.9893922790644742
ACDC_125,1.4967079123623568,0.9899556827887128
ACDC_013,1.46134817563389,0.9874795781700182
ACDC_109,1.4608446519524618,0.9937325232725458
ACDC_008,1.4607618651124064,0.9873053229154216
ACDC_131,1.458284466372791,0.9780345556577554
ACDC_077,1.4481456043956045,0.9821274315886314
ACDC_025,1.4363244514106583,0.9898019899170224
ACDC_114,1.4329896907216495,0.9974324769445952
ACDC_112,1.432969215491559,0.995722563074083
ACDC_092,1.4320903181662676,0.9843084588691084
ACDC_058,1.4318488529014846,0.9882397258525102
ACDC_020,1.4303473916579528,0.9883741239851412
ACDC_085,1.4268742976400706,0.9831084703958792
ACDC_059,1.4234252364660898,0.9946826509272828
ACDC_001,1.4228251589033298,0.9968965407241848
ACDC_070,1.4133713136729222,0.9957993048208928
ACDC_034,1.4132947976878614,0.9861880204830836
ACDC_094,1.4113099182681688,0.984733241630449
ACDC_030,1.404569115095431,0.988940875057546
ACDC_074,1.3907028223574986,0.9977799221830604
ACDC_064,1.3874876360039563,0.988778578666586
ACDC_047,1.3860916952967657,0.996669615000891
ACDC_095,1.385418096938075,0.9982585321101708
ACDC_118,1.3809092555696432,0.9888840520122318
ACDC_018,1.3803731479787815,0.9829406047905096
ACDC_019,1.3761334473909324,0.987711857892266
ACDC_007,1.369313401928428,0.9864242662688848
ACDC_003,1.3690425075139545,0.9882809079014824
ACDC_032,1.3673934266189391,0.9889086268075862
ACDC_006,1.354945219870929,0.9929988448445092
