case,patient,frame_file,fold
ACDC_001,patient001,patient001_frame01_gt.nii.gz,3
ACDC_002,patient001,patient001_frame12_gt.nii.gz,3
ACDC_003,patient002,patient002_frame01_gt.nii.gz,4
ACDC_004,patient002,patient002_frame12_gt.nii.gz,4
ACDC_005,patient003,patient003_frame01_gt.nii.gz,0
ACDC_006,patient003,patient003_frame15_gt.nii.gz,0
ACDC_007,patient006,patient006_frame01_gt.nii.gz,3
ACDC_008,patient006,patient006_frame16_gt.nii.gz,3
ACDC_009,patient007,patient007_frame01_gt.nii.gz,0
ACDC_010,patient007,patient007_frame07_gt.nii.gz,0
ACDC_011,patient008,patient008_frame01_gt.nii.gz,3
ACDC_012,patient008,patient008_frame13_gt.nii.gz,3
ACDC_013,patient009,patient009_frame01_gt.nii.gz,0
ACDC_014,patient009,patient009_frame13_gt.nii.gz,0
ACDC_015,patient010,patient010_frame01_gt.nii.gz,4
ACDC_016,patient010,patient010_frame13_gt.nii.gz,4
ACDC_017,patient011,patient011_frame01_gt.nii.gz,2
ACDC_018,patient011,patient011_frame08_gt.nii.gz,2
ACDC_019,patient013,patient013_frame01_gt.nii.gz,1
ACDC_020,patient013,patient013_frame14_gt.nii.gz,1
ACDC_021,patient016,patient016_frame01_gt.nii.gz,4
ACDC_022,patient016,patient016_frame12_gt.nii.gz,4
ACDC_023,patient017,patient017_frame01_gt.nii.gz,4
ACDC_024,patient017,patient017_frame09_gt.nii.gz,4
ACDC_025,patient019,patient019_frame01_gt.nii.gz,2
ACDC_026,patient019,patient019_frame11_gt.nii.gz,2
ACDC_027,patient020,patient020_frame01_gt.nii.gz,0
ACDC_028,patient020,patient020_frame11_gt.nii.gz,0
ACDC_029,patient021,patient021_frame01_gt.nii.gz,4
ACDC_030,patient021,patient021_frame13_gt.nii.gz,4
ACDC_031,patient022,patient022_frame01_gt.nii.gz,3
ACDC_032,patient022,patient022_frame11_gt.nii.gz,3
ACDC_033,patient023,patient023_frame01_gt.nii.gz,2
ACDC_034,patient023,patient023_frame09_gt.nii.gz,2
ACDC_035,patient024,patient024_frame01_gt.nii.gz,3
ACDC_036,patient024,patient024_frame09_gt.nii.gz,3
ACDC_037,patient025,patient025_frame01_gt.nii.gz,1
ACDC_038,patient025,patient025_frame09_gt.nii.gz,1
ACDC_039,patient026,patient026_frame01_gt.nii.gz,2
ACDC_040,patient026,patient026_frame12_gt.nii.gz,2
ACDC_041,patient027,patient027_frame01_gt.nii.gz,0
ACDC_042,patient027,patient027_frame11_gt.nii.gz,0
ACDC_043,patient031,patient031_frame01_gt.nii.gz,1
ACDC_044,patient031,patient031_frame10_gt.nii.gz,1
ACDC_045,patient033,patient033_frame01_gt.nii.gz,1
ACDC_046,patient033,patient033_frame14_gt.nii.gz,1
ACDC_047,patient034,patient034_frame01_gt.nii.gz,4
ACDC_048,patient034,patient034_frame16_gt.nii.gz,4
ACDC_049,patient035,patient035_frame01_gt.nii.gz,2
ACDC_050,patient035,patient035_frame11_gt.nii.gz,2
ACDC_051,patient037,patient037_frame01_gt.nii.gz,0
ACDC_052,patient037,patient037_frame12_gt.nii.gz,0
ACDC_053,patient038,patient038_frame01_gt.nii.gz,1
ACDC_054,patient038,patient038_frame11_gt.nii.gz,1
ACDC_055,patient039,patient039_frame01_gt.nii.gz,3
ACDC_056,patient039,patient039_frame10_gt.nii.gz,3
ACDC_057,patient040,patient040_frame01_gt.nii.gz,0
ACDC_058,patient040,patient040_frame13_gt.nii.gz,0
ACDC_059,patient041,patient041_frame01_gt.nii.gz,4
ACDC_060,patient041,patient041_frame11_gt.nii.gz,4
ACDC_061,patient042,patient042_frame01_gt.nii.gz,1
ACDC_062,patient042,patient042_frame16_gt.nii.gz,1
ACDC_063,patient043,patient043_frame01_gt.nii.gz,3
ACDC_064,patient043,patient043_frame07_gt.nii.gz,3
ACDC_065,patient044,patient044_frame01_gt.nii.gz,2
ACDC_066,patient044,patient044_frame11_gt.nii.gz,2
ACDC_067,patient045,patient045_frame01_gt.nii.gz,3
ACDC_068,patient045,patient045_frame13_gt.nii.gz,3
ACDC_069,patient046,patient046_frame01_gt.nii.gz,4
ACDC_070,patient046,patient046_frame10_gt.nii.gz,4
ACDC_071,patient047,patient047_frame01_gt.nii.gz,1
ACDC_072,patient047,patient047_frame09_gt.nii.gz,1
ACDC_073,patient048,patient048_frame01_gt.nii.gz,4
ACDC_074,patient048,patient048_frame08_gt.nii.gz,4
ACDC_075,patient049,patient049_frame01_gt.nii.gz,1
ACDC_076,patient049,patient049_frame11_gt.nii.gz,1
ACDC_077,patient050,patient050_frame01_gt.nii.gz,4
ACDC_078,patient050,patient050_frame12_gt.nii.gz,4
ACDC_079,patient051,patient051_frame01_gt.nii.gz,1
ACDC_080,patient051,patient051_frame11_gt.nii.gz,1
ACDC_081,patient052,patient052_frame01_gt.nii.gz,2
ACDC_082,patient052,patient052_frame09_gt.nii.gz,2
ACDC_083,patient053,patient053_frame01_gt.nii.gz,4
ACDC_084,patient053,patient053_frame12_gt.nii.gz,4
ACDC_085,patient054,patient054_frame01_gt.nii.gz,2
ACDC_086,patient054,patient054_frame12_gt.nii.gz,2
ACDC_087,patient056,patient056_frame01_gt.nii.gz,4
ACDC_088,patient056,patient056_frame12_gt.nii.gz,4
ACDC_089,patient057,patient057_frame01_gt.nii.gz,2
ACDC_090,patient057,patient057_frame09_gt.nii.gz,2
ACDC_091,patient058,patient058_frame01_gt.nii.gz,0
ACDC_092,patient058,patient058_frame14_gt.nii.gz,0
ACDC_093,patient059,patient059_frame01_gt.nii.gz,2
ACDC_094,patient059,patient059_frame09_gt.nii.gz,2
ACDC_095,patient060,patient060_frame01_gt.nii.gz,3
ACDC_096,patient060,patient060_frame14_gt.nii.gz,3
ACDC_097,patient061,patient061_frame01_gt.nii.gz,0
ACDC_098,patient061,patient061_frame10_gt.nii.gz,0
ACDC_099,patient062,patient062_frame01_gt.nii.gz,1
ACDC_100,patient062,patient062_frame09_gt.nii.gz,1
ACDC_101,patient063,patient063_frame01_gt.nii.gz,2
ACDC_102,patient063,patient063_frame16_gt.nii.gz,2
ACDC_103,patient064,patient064_frame01_gt.nii.gz,1
ACDC_104,patient064,patient064_frame12_gt.nii.gz,1
ACDC_105,patient066,patient066_frame01_gt.nii.gz,0
ACDC_106,patient066,patient066_frame11_gt.nii.gz,0
ACDC_107,patient067,patient067_frame01_gt.nii.gz,2
ACDC_108,patient067,patient067_frame10_gt.nii.gz,2
ACDC_109,patient068,patient068_frame01_gt.nii.gz,0
ACDC_110,patient068,patient068_frame12_gt.nii.gz,0
ACDC_111,patient069,patient069_frame01_gt.nii.gz,3
ACDC_112,patient069,patient069_frame12_gt.nii.gz,3
ACDC_113,patient071,patient071_frame01_gt.nii.gz,3
ACDC_114,patient071,patient071_frame09_gt.nii.gz,3
ACDC_115,patient072,patient072_frame01_gt.nii.gz,1
ACDC_116,patient072,patient072_frame11_gt.nii.gz,1
ACDC_117,patient073,patient073_frame01_gt.nii.gz,1
ACDC_118,patient073,patient073_frame10_gt.nii.gz,1
ACDC_119,patient074,patient074_frame01_gt.nii.gz,4
ACDC_120,patient074,patient074_frame12_gt.nii.gz,4
ACDC_121,patient075,patient075_frame01_gt.nii.gz,0
ACDC_122,patient075,patient075_frame06_gt.nii.gz,0
ACDC_123,patient077,patient077_frame01_gt.nii.gz,0
ACDC_124,patient077,patient077_frame09_gt.nii.gz,0
ACDC_125,patient078,patient078_frame01_gt.nii.gz,2
ACDC_126,patient078,patient078_frame09_gt.nii.gz,2
ACDC_127,patient079,patient079_frame01_gt.nii.gz,1
ACDC_128,patient079,patient079_frame11_gt.nii.gz,1
ACDC_129,patient080,patient080_frame01_gt.nii.gz,1
ACDC_130,patient080,patient080_frame10_gt.nii.gz,1
ACDC_131,patient081,patient081_frame01_gt.nii.gz,3
ACDC_132,patient081,patient081_frame07_gt.nii.gz,3
ACDC_133,patient083,patient083_frame01_gt.nii.gz,3
ACDC_134,patient083,patient083_frame08_gt.nii.gz,3
ACDC_135,patient084,patient084_frame01_gt.nii.gz,1
ACDC_136,patient084,patient084_frame10_gt.nii.gz,1
ACDC_137,patient085,patient085_frame01_gt.nii.gz,0
ACDC_138,patient085,patient085_frame09_gt.nii.gz,0
ACDC_139,patient086,patient086_frame01_gt.nii.gz,2
ACDC_140,patient086,patient086_frame08_gt.nii.gz,2
ACDC_141,patient088,patient088_frame01_gt.nii.gz,3
ACDC_142,patient088,patient088_frame12_gt.nii.gz,3
ACDC_143,patient090,patient090_frame04_gt.nii.gz,3
ACDC_144,patient090,patient090_frame11_gt.nii.gz,3
ACDC_145,patient091,patient091_frame01_gt.nii.gz,2
ACDC_146,patient091,patient091_frame09_gt.nii.gz,2
ACDC_147,patient092,patient092_frame01_gt.nii.gz,0
ACDC_148,patient092,patient092_frame06_gt.nii.gz,0
ACDC_149,patient093,patient093_frame01_gt.nii.gz,4
ACDC_150,patient093,patient093_frame14_gt.nii.gz,4
ACDC_151,patient094,patient094_frame01_gt.nii.gz,2
ACDC_152,patient094,patient094_frame07_gt.nii.gz,2
ACDC_153,patient096,patient096_frame01_gt.nii.gz,0
ACDC_154,patient096,patient096_frame08_gt.nii.gz,0
ACDC_155,patient097,patient097_frame01_gt.nii.gz,3
ACDC_156,patient097,patient097_frame11_gt.nii.gz,3
ACDC_157,patient099,patient099_frame01_gt.nii.gz,4
ACDC_158,patient099,patient099_frame09_gt.nii.gz,4
ACDC_159,patient100,patient100_frame01_gt.nii.gz,4
ACDC_160,patient100,patient100_frame13_gt.nii.gz,4
