case,dice,n_struct,n_nan,psi1_convex,psi2_shadow,psi3_inclusion,psi4_adjacency,psi5_exclusion,psi6_cc,psi7_genus,psi8_rotation,psi9_nesting,psi10_centroid
ACDC_001,0.9315197940611227,3,4,1.4518983980883264,,0.9999999999172252,0.0,0.0,1.0,0.1,,0.9999999999172252,0.0990479668469633
ACDC_002,0.9125156564732366,3,4,1.5994594594594596,,0.999999999892334,0.0,0.0,1.0,0.0,,0.999999999892334,0.0864680492319344
ACDC_003,0.9329321587363862,3,4,1.334088335220838,,0.9999999999248798,0.0,0.0,1.0,0.1,,0.9999999999248798,0.1044120345925311
ACDC_004,0.8986643967308071,3,4,1.655625,,0.9999999998949028,0.0,0.0,2.0,0.1,,0.9999999998949028,0.0876458116515624
ACDC_005,0.947043764891813,3,4,1.247160348133943,,0.9999999999112372,0.0,0.0,1.0,0.0,,0.9999999999112372,0.0900695465301594
ACDC_006,0.9426635667117331,3,4,1.2818625423868997,,0.9999999999009016,0.0,0.0,1.0,0.1,,0.9999999999009016,0.0841136713583282
ACDC_007,0.9044151163728099,3,4,1.3712047012732616,,0.9999999999059266,0.0,0.0,0.0,0.1111111111111111,,0.9999999999059266,0.0892894289296778
ACDC_008,0.8584116841741954,3,4,1.4395881487707505,,0.9999999998807962,0.0,0.0,5.0,0.2,,0.9999999998807962,0.0828485377310298
ACDC_009,0.9535944757733391,3,4,1.207318644504574,,0.9999999998884426,0.0,0.0,0.0,0.0,,0.9999999998884426,0.0962688684867333
ACDC_010,0.9386589329919275,3,4,1.205050670153645,,0.9999999998731768,0.0,0.0,0.0,0.1,,0.9999999998731768,0.0918740984591119
ACDC_011,0.9439873046966355,3,4,1.282295902408508,,0.99999999991453,0.0,0.0,0.0,0.0,,0.99999999991453,0.1053876384717508
ACDC_012,0.9172696503099383,3,4,1.3229421615354888,,0.9999999998995378,0.0,0.0,1.0,0.0,,0.9999999998995378,0.0974330783249659
ACDC_013,0.9226494688860166,3,4,1.5092140921409214,,0.9999999999290023,0.0,0.0,3.0,0.0,,0.9999999999290023,0.0940648551733686
ACDC_014,0.8449343135915193,3,4,1.903582872123507,,0.999999999919801,0.0,0.0,5.0,0.1,,0.999999999919801,0.0884922501888594
ACDC_015,0.9389829021386941,3,4,1.2678751743039862,,0.9999999999186464,0.0,0.0,0.0,0.0,,0.9999999999186464,0.1034403192731848
ACDC_016,0.9373175582654104,3,4,1.2720073907879108,,0.999999999907604,0.0,0.0,0.0,0.1,,0.999999999907604,0.0983306635790167
ACDC_017,0.940112467069007,3,4,1.3591709034024246,,0.9999999999048071,0.0,0.0,0.0,0.0,,0.9999999999048071,0.0904952368464339
ACDC_018,0.9265573881705458,3,4,1.36246015375961,,0.9999999998898556,0.0,0.0,0.0,0.0,,0.9999999998898556,0.0892814653589254
ACDC_019,0.9452673266023908,3,4,1.3929113924050631,,0.9999999999197818,0.0,0.0,0.0,0.0,,0.9999999999197818,0.1034625916184505
ACDC_020,0.9386572545895092,3,4,1.4391677973767527,,0.9999999998863894,0.0,0.0,0.0,0.0,,0.9999999998863894,0.0944240964097749
ACDC_021,0.9220835899765039,3,4,1.2573389805754345,,0.9999999999411314,0.0,0.0,1.0,0.0,,0.9999999999411314,0.1202159305123264
ACDC_022,0.9328083165023223,3,4,1.2887310424265694,,0.9999999999349762,0.0,0.0,2.0,0.0,,0.9999999999349762,0.1137081945524643
ACDC_023,0.925221644511847,3,4,1.1897314446579383,,0.9999999999263568,0.0,0.0,2.0,0.0,,0.9999999999263568,0.1080226335720776
ACDC_024,0.9457952896722652,3,4,1.2281507362116295,,0.9999999999175324,0.0,0.0,0.0,0.0,,0.9999999999175324,0.1013312858525207
ACDC_025,0.9608058233727084,3,4,1.3986530242196606,,0.9999999999344736,0.0,0.0,1.0,0.0909090909090909,,0.9999999999344736,0.1026692963100036
ACDC_026,0.954265401407774,3,4,1.480055497745404,,0.9999999999101284,0.0,0.0,0.0,0.0,,0.9999999999101284,0.0892227399365746
ACDC_027,0.950934358511438,3,4,1.2784913353720693,,0.9999999998608792,0.0,0.0,0.0,0.0,,0.9999999998608792,0.0930987026577798
ACDC_028,0.9524006496119118,3,4,1.299078812691914,,0.9999999998332776,0.0,0.0,0.0,0.0,,0.9999999998332776,0.0840547823329738
ACDC_029,0.9430650442241234,3,4,1.2301694262610705,,0.99999999983716,0.0,0.0,0.0,0.0,,0.99999999983716,0.0909438943182245
ACDC_030,0.8273585806549487,3,4,1.3269378357636223,,0.9999999995959596,0.0,0.0,0.0,0.1,,0.9999999995959596,0.0733503246850478
ACDC_031,0.9282246575669763,3,4,1.341475741239892,,0.9999999997257268,0.0,0.0,0.0,0.0,,0.9999999997257268,0.0928535387996605
ACDC_032,0.8976168324900559,3,4,1.3113181693614688,,0.9999999992313604,0.0,0.0,4.0,0.1666666666666666,,0.9999999992313604,0.0741302539938074
ACDC_033,0.9285193072757666,3,4,1.3623559539052497,,0.999999999724138,0.0,0.0,2.0,0.1111111111111111,,0.999999999724138,0.0772798393020269
ACDC_034,0.8999887806859427,3,4,1.456437389770723,,0.9999999991554052,0.0,0.0,1.0,0.2222222222222222,,0.9999999991554052,0.0664583981623447
ACDC_035,0.9330313334494543,3,4,1.2573090463799173,,0.9999999997560974,0.0,0.0,1.0,0.0,,0.9999999997560974,0.0879882863998001
ACDC_036,0.9202477812001885,3,4,1.300369685767098,,0.9999999991993594,0.0,0.0,1.0,0.0,,0.9999999991993594,0.0730725234048455
ACDC_037,0.9083704726303847,3,4,1.2276069017254314,,0.9999999998887528,0.0,0.0,0.0,0.0,,0.9999999998887528,0.1105876340798405
ACDC_038,0.8929377117373031,3,4,1.309585188657136,,0.9999999996973366,0.0,0.0,0.0,0.0,,0.9999999996973366,0.0879921685614007
ACDC_039,0.9373160482061551,3,4,1.2822419874252415,,0.999999999881108,0.0,0.0,1.0,0.0,,0.999999999881108,0.1136735607369534
ACDC_040,0.8571943756615417,3,4,1.533681852128454,,0.9999999997781228,0.0,0.0,1.0,0.2,,0.9999999997781228,0.0885308406976717
ACDC_041,0.9249810526700702,3,4,1.2374051069703245,,0.9999999998690584,0.0,0.0,1.0,0.1,,0.9999999998690584,0.1036924036659744
ACDC_042,0.8928314269000257,3,4,1.2087856601868214,,0.9999999995672868,0.0,0.0,8.0,0.2222222222222222,,0.9999999995672868,0.0939349235714689
ACDC_043,0.9341521174286692,3,4,1.2814774871933137,,0.9999999998739124,0.0,0.0,2.0,0.0,,0.9999999998739124,0.0959212900880434
ACDC_044,0.9104383729938531,3,4,1.3134443021766966,,0.9999999995346672,0.0,0.0,2.0,0.2222222222222222,,0.9999999995346672,0.083193130653581
ACDC_045,0.9061172675649223,3,4,1.2253916296469487,,0.9999999998417972,0.0,0.0,3.0,0.1,,0.9999999998417972,0.0879672757819207
ACDC_046,0.8610044858526718,3,4,1.2712443095599393,,0.9999999995269632,0.0,0.0,1.0,0.2222222222222222,,0.9999999995269632,0.0719762555160363
ACDC_047,0.9211841264807804,3,4,1.439053537284895,,0.999999999827378,0.0,0.0,2.0,0.0,,0.999999999827378,0.0872436799972135
ACDC_048,0.7394147930932206,3,4,1.682496075353218,,0.9999999996860284,0.0,0.0,3.0,0.0,,0.9999999996860284,0.072413979018422
ACDC_049,0.937295746356826,3,4,1.2042051780984813,,0.9999999998593728,0.0,0.0,0.0,0.0,,0.9999999998593728,0.0888034606380395
ACDC_050,0.9142090353304567,3,4,1.3181977559607294,,0.9999999996220712,0.0,0.0,2.0,0.0769230769230769,,0.9999999996220712,0.0723356672563482
ACDC_051,0.9149142504895984,3,4,1.146895948703002,,0.9999999994585814,0.0,0.0,1.0,0.0,,0.9999999994585814,0.0644901412372467
ACDC_052,0.7965018974603219,3,4,1.1786833855799372,,0.9999999974025974,0.0,0.0,0.0,0.0,,0.9999999974025974,0.0565486695224436
ACDC_053,0.930714824399017,3,4,1.40973944410448,,0.9999999999507364,0.0,0.0,1.0,0.0,,0.9999999999507364,0.1117602885163504
ACDC_054,0.8923901182590956,3,4,1.5398371619656877,,0.9999999998825602,0.0,0.0,0.0,0.0,,0.9999999998825602,0.0919631567428891
ACDC_055,0.9470265400532895,3,4,1.2310663820270409,,0.9999999998118886,0.0,0.0,1.0,0.1111111111111111,,0.9999999998118886,0.0891357722674943
ACDC_056,0.9010486656553228,3,4,1.2757270693512304,,0.9999999993722536,0.0,0.0,0.0,0.125,,0.9999999993722536,0.0715390214200944
ACDC_057,0.9475266246972246,3,4,1.3409290953545232,,0.9999999998486224,0.0,0.0,1.0,0.0,,0.9999999998486224,0.0951651508548614
ACDC_058,0.8962137247278698,3,4,1.413059076775891,,0.9999999997179124,0.0,0.0,1.0,0.0,,0.9999999997179124,0.083136957883969
ACDC_059,0.9350037157885408,3,4,1.3020972780008924,,0.999999999684642,0.0,0.0,0.0,0.0,,0.999999999684642,0.0867390414078272
ACDC_060,0.8756751607229698,3,4,1.4575389948006932,,0.9999999995242628,0.0,0.0,0.0,0.1666666666666666,,0.9999999995242628,0.0651066298728616
ACDC_061,0.9451180661279682,3,4,1.2287175739861165,,0.9999999998536728,0.0,0.0,4.0,0.0,,0.9999999998536728,0.0795417371640097
ACDC_062,0.9075116254794531,3,4,1.2867687765270346,,0.9999999997856835,0.0,0.0,0.0,0.0,,0.9999999997856835,0.0675265411847508
ACDC_063,0.9200207055752414,3,4,1.227771325332301,,0.9999999998466022,0.0,0.0,1.0,0.0,,0.9999999998466022,0.0879651016662373
ACDC_064,0.9160025569221596,3,4,1.33983286908078,,0.9999999997885388,0.0,0.0,0.0,0.0,,0.9999999997885388,0.069268530161133
ACDC_065,0.933469349527715,3,4,1.2998278088678432,,0.9999999998293224,0.0,0.0,0.0,0.0,,0.9999999998293224,0.0761263094497266
ACDC_066,0.8950280727918073,3,4,1.4969745865268254,,0.9999999997246696,0.0,0.0,4.0,0.125,,0.9999999997246696,0.0613410435978438
ACDC_067,0.9210385573083829,3,4,1.2724295506473724,,0.9999999998895638,0.0,0.0,0.0,0.0,,0.9999999998895638,0.0932340229999668
ACDC_068,0.9317665820735309,3,4,1.4073222787719586,,0.9999999998452492,0.0,0.0,1.0,0.0,,0.9999999998452492,0.0840104012895809
ACDC_069,0.937451726895608,3,4,1.3445989133908598,,0.9999999998740235,0.0,0.0,0.0,0.0,,0.9999999998740235,0.0871184689125546
ACDC_070,0.8719626422101935,3,4,1.4089824256888697,,0.999999999751182,0.0,0.0,0.0,0.0,,0.999999999751182,0.0777469118446864
ACDC_071,0.9275949466139101,3,4,1.1882804995196925,,0.9999999998574076,0.0,0.0,1.0,0.0,,0.9999999998574076,0.0879422541312473
ACDC_072,0.9068775171768699,3,4,1.2361190612478534,,0.9999999998329993,0.0,0.0,1.0,0.0,,0.9999999998329993,0.0785283692283475
ACDC_073,0.9061346643298084,3,4,1.3051926298157457,,0.999999999831081,0.0,0.0,0.0,0.0,,0.999999999831081,0.0762536250122004
ACDC_074,0.8894556927558237,3,4,1.334688897925986,,0.9999999997698504,0.0,0.0,0.0,0.0,,0.9999999997698504,0.0674879694416569
ACDC_075,0.8820412307594351,3,4,1.5174451858913252,,0.9999999998659516,0.0,0.0,1.0,0.1428571428571428,,0.9999999998659516,0.0920201615950317
ACDC_076,0.895076762301834,3,4,2.1544117647058822,,0.999999999813014,0.0,0.0,4.0,0.1428571428571428,,0.999999999813014,0.0765643773142399
ACDC_077,0.8978453140384608,3,4,1.37723976109215,,0.9999999999263244,0.0,0.0,6.0,0.2,,0.9999999999263244,0.0852283035697128
ACDC_078,0.8300011835023131,3,4,1.5992092908327156,,0.999999999910778,0.0,0.0,2.0,0.2,,0.999999999910778,0.0695669037294981
ACDC_079,0.9364650362247836,3,4,1.2555372860044491,,0.9999999998737372,0.0,0.0,1.0,0.0,,0.9999999998737372,0.0840070554963813
ACDC_080,0.8915254965191816,3,4,1.229084451460142,,0.999999999797078,0.0,0.0,1.0,0.0,,0.999999999797078,0.0680454851942231
ACDC_081,0.9210531050818638,3,4,1.1284756989909883,,0.9999999998624862,0.0,0.0,5.0,0.125,,0.9999999998624862,0.1101243804196788
ACDC_082,0.905671885620532,3,4,1.1083960789884928,,0.9999999998007172,0.0,0.0,2.0,0.0,,0.9999999998007172,0.1047134305713879
ACDC_083,0.9503980500810845,3,4,1.4704556589906908,,0.999999999876665,0.0,0.0,0.0,0.0,,0.999999999876665,0.0916794121457803
ACDC_084,0.9320658720990916,3,4,1.5896589658965896,,0.9999999998352824,0.0,0.0,0.0,0.0,,0.9999999998352824,0.0767724181001914
ACDC_085,0.8821858518961098,3,4,1.4855238970588236,,0.9999999998879804,0.0,0.0,0.0,0.0,,0.9999999998879804,0.0919927649915988
ACDC_086,0.7772188275971077,3,4,1.4589259796806966,,0.9999999998523984,0.0,0.0,2.0,0.0,,0.9999999998523984,0.080359294154142
ACDC_087,0.9487412359261395,3,4,1.2245646196150322,,0.999999999894381,0.0,0.0,1.0,0.0,,0.999999999894381,0.0992389315767629
ACDC_088,0.9391483736104637,3,4,1.2359995203261782,,0.999999999833222,0.0,0.0,0.0,0.0,,0.999999999833222,0.091435924246077
ACDC_089,0.9260327133344127,3,4,1.2261540064603522,,0.9999999999580924,0.0,0.0,1.0,0.0,,0.9999999999580924,0.1002612497808683
ACDC_090,0.906340259685294,3,4,1.364020209310718,,0.9999999999421096,0.0,0.0,0.0,0.0,,0.9999999999421096,0.0867496637129801
ACDC_091,0.9190981472130307,3,4,1.2852007189934092,,0.9999999998787732,0.0,0.0,1.0,0.0,,0.9999999998787732,0.0981940324912993
ACDC_092,0.9281631473488788,3,4,1.471409574468085,,0.999999999836788,0.0,0.0,0.0,0.0,,0.999999999836788,0.0723870553183206
ACDC_093,0.9671281324956743,3,4,1.2658429077245466,,0.9999999998690412,0.0,0.0,1.0,0.0,,0.9999999998690412,0.0902392926769081
ACDC_094,0.9331926297970529,3,4,1.4153846153846157,,0.9999999997672794,0.0,0.0,2.0,0.0,,0.9999999997672794,0.0725018003965095
ACDC_095,0.9479794752885796,3,4,1.347950926651005,,0.9999999998819084,0.0,0.0,0.0,0.0,,0.9999999998819084,0.078640929597219
ACDC_096,0.900588670721045,3,4,1.466620546523694,,0.9999999998287084,0.0,0.0,1.0,0.1111111111111111,,0.9999999998287084,0.0642147491734344
ACDC_097,0.9509592948777144,3,4,1.1554057913073277,,0.9999999998664352,0.0,0.0,2.0,0.0,,0.9999999998664352,0.1008223672224422
ACDC_098,0.9178316264802033,3,4,1.1966358284272498,,0.999999999661476,0.0,0.0,2.0,0.125,,0.999999999661476,0.0831533114566839
ACDC_099,0.9517640359538572,3,4,1.2265404417870789,,0.9999999998847128,0.0,0.0,1.0,0.1,,0.9999999998847128,0.1011804060356825
ACDC_100,0.9299762263819401,3,4,1.222861601482493,,0.9999999997519842,0.0,0.0,0.0,0.0,,0.9999999997519842,0.0856315150147051
ACDC_101,0.9284739203967826,3,4,1.2731967943009794,,0.9999999998035748,0.0,0.0,0.0,0.0,,0.9999999998035748,0.0921555246726208
ACDC_102,0.8111101822290956,3,4,1.3454398708635995,,0.9999999994378864,0.0,0.0,0.0,0.1428571428571428,,0.9999999994378864,0.0769456242784011
ACDC_103,0.9536412275838574,3,4,1.227637222602101,,0.9999999998453928,0.0,0.0,1.0,0.0,,0.9999999998453928,0.089275914718362
ACDC_104,0.9373520571779701,3,4,1.2709661893875586,,0.9999999996539792,0.0,0.0,0.0,0.0,,0.9999999996539792,0.0755193571389703
ACDC_105,0.9498595726572674,3,4,1.209636266540082,,0.999999999879851,0.0,0.0,1.0,0.0,,0.999999999879851,0.0935435280048294
ACDC_106,0.9395577471379081,3,4,1.2247334260547056,,0.999999999672882,0.0,0.0,0.0,0.25,,0.999999999672882,0.0808554739728372
ACDC_107,0.9348270017412216,3,4,1.250538444970924,,0.9999999998706672,0.0,0.0,0.0,0.0,,0.9999999998706672,0.0860601450530944
ACDC_108,0.9431803563544543,3,4,1.2763035622096024,,0.9999999996842438,0.0,0.0,0.0,0.0,,0.9999999996842438,0.0752893173416686
ACDC_109,0.9495253477267868,3,4,1.4863013698630136,,0.9999999998018232,0.0,0.0,0.0,0.0,,0.9999999998018232,0.0714581813052924
ACDC_110,0.9392353047118754,3,4,1.445346062052506,,0.9999999994850668,0.0,0.0,0.0,0.0,,0.9999999994850668,0.057506402834672
ACDC_111,0.9453674363326132,3,4,1.2874376709023645,,0.9999999996568292,0.0,0.0,0.0,0.0,,0.9999999996568292,0.0659188197820178
ACDC_112,0.9339821888903166,3,4,1.396535580524345,,0.9999999992475544,0.0,0.0,0.0,0.0,,0.9999999992475544,0.0519486364428752
ACDC_113,0.9505988795195425,3,4,1.2654005524861878,,0.9999999998508352,0.0,0.0,2.0,0.0,,0.9999999998508352,0.0824954009980181
ACDC_114,0.94149640776382,3,4,1.3734961075725407,,0.9999999996739484,0.0,0.0,1.0,0.1111111111111111,,0.9999999996739484,0.0743548151770553
ACDC_115,0.9512528607977765,3,4,1.2130079809191818,,0.999999999800876,0.0,0.0,1.0,0.125,,0.999999999800876,0.0838363284488071
ACDC_116,0.940889276431263,3,4,1.2614161582547605,,0.9999999995088408,0.0,0.0,0.0,0.0,,0.9999999995088408,0.0692430970843214
ACDC_117,0.9418964439819177,3,4,1.3099549774887445,,0.9999999997842502,0.0,0.0,0.0,0.0,,0.9999999997842502,0.0826808125000885
ACDC_118,0.8861877156695384,3,4,1.366884531590414,,0.9999999994382022,0.0,0.0,0.0,0.0,,0.9999999994382022,0.0663986426977034
ACDC_119,0.9007168994086933,3,4,1.2084134615384616,,0.999999999842594,0.0,0.0,1.0,0.0,,0.999999999842594,0.0906569665050564
ACDC_120,0.9106344018919595,3,4,1.2007359705611775,,0.9999999996294924,0.0,0.0,0.0,0.0,,0.9999999996294924,0.0721384811094465
ACDC_121,0.9457030294531091,3,4,1.28185721563205,,0.9999999998574076,0.0,0.0,0.0,0.0,,0.9999999998574076,0.0895087230031868
ACDC_122,0.9177550358917465,3,4,1.299338304799916,,0.9999999997014034,0.0,0.0,0.0,0.0,,0.9999999997014034,0.0790350411370046
ACDC_123,0.955412062805526,3,4,1.2245020318433149,,0.9999999998549672,0.0,0.0,2.0,0.0,,0.9999999998549672,0.1061703832149402
ACDC_124,0.8941659855724903,3,4,1.258225616921269,,0.9999999995983936,0.0,0.0,0.0,0.1428571428571428,,0.9999999995983936,0.0810823384929037
ACDC_125,0.9716794937519572,3,4,1.4677211482132395,,0.9999999998898556,0.0,0.0,0.0,0.0,,0.9999999998898556,0.0951754504579888
ACDC_126,0.9385713601812009,3,4,1.5272409923949632,,0.9999999997050149,0.0,0.0,0.0,0.0,,0.9999999997050149,0.0771505824674986
ACDC_127,0.965452033383814,3,4,1.2480395232120451,,0.9999999998436522,0.0,0.0,0.0,0.0,,0.9999999998436522,0.0870302440723368
ACDC_128,0.9411208475625773,3,4,1.3186349045446866,,0.9999999996274218,0.0,0.0,0.0,0.0,,0.9999999996274218,0.0780813360485229
ACDC_129,0.9581297839046132,3,4,1.1840905749154536,,0.9999999996975196,0.0,0.0,1.0,0.0,,0.9999999996975196,0.0791999863638215
ACDC_130,0.9546712696712639,3,4,1.1628300609343265,,0.9999999991883116,0.0,0.0,0.0,0.0,,0.9999999991883116,0.0651743404626555
ACDC_131,0.9390197220646156,3,4,1.2905871467025571,,0.999999999912534,0.0,0.0,0.0,0.0,,0.999999999912534,0.0852079175976347
ACDC_132,0.9042073483404084,3,4,1.2696339055142032,,0.9999999998055608,0.0,0.0,0.0,0.0625,,0.9999999998055608,0.077667594003814
ACDC_133,0.9046879479909443,3,4,1.1039229181004817,,0.9999999994400895,0.0,0.0,4.0,0.0,,0.9999999994400895,0.0833789197005054
ACDC_134,0.9008162340078986,3,4,1.1142564484588882,,0.9999999987699876,0.0,0.0,1.0,0.1666666666666666,,0.9999999987699876,0.077096144713737
ACDC_135,0.8852047152314033,3,4,1.181633663366337,,0.999999999830163,0.0,0.0,1.0,0.0,,0.999999999830163,0.0791734301229488
ACDC_136,0.8418307892740172,3,4,1.1812341504649198,,0.9999999995199232,0.0,0.0,0.0,0.0,,0.9999999995199232,0.067763259644013
ACDC_137,0.9309394591295619,3,4,1.1627074783171258,,0.9999999999101123,0.0,0.0,0.0,0.0,,0.9999999999101123,0.0929796085995554
ACDC_138,0.9240401071906242,3,4,1.1436182534167243,,0.999999999804916,0.0,0.0,2.0,0.0769230769230769,,0.999999999804916,0.0816854587254194
ACDC_139,0.9036416799297523,3,4,1.1046946850604211,,0.9999999997192588,0.0,0.0,1.0,0.1428571428571428,,0.9999999997192588,0.0993547795125819
ACDC_140,0.8212252070377469,3,4,1.1696950032446465,,0.9999999995157386,0.0,0.0,3.0,0.1666666666666666,,0.9999999995157386,0.0682349567080793
ACDC_141,0.9231449899803322,3,4,1.268467073503962,,0.9999999999024008,0.0,0.0,0.0,0.0,,0.9999999999024008,0.0953400789083331
ACDC_142,0.8844127295404162,3,4,1.2281901309827827,,0.999999999778565,0.0,0.0,3.0,0.1428571428571428,,0.999999999778565,0.0891437464405491
ACDC_143,0.9151013219698704,3,4,1.131141287763198,,0.9999999995762712,0.0,0.0,0.0,0.0,,0.9999999995762712,0.0843616110199556
ACDC_144,0.9069902844753067,3,4,1.180731618978631,,0.9999999991974317,0.0,0.0,0.0,0.1666666666666666,,0.9999999991974317,0.0780007567044599
ACDC_145,0.8667693917342838,3,4,1.197707537339354,,0.9999999998084658,0.0,0.0,4.0,0.125,,0.9999999998084658,0.0950453800498581
ACDC_146,0.8137617870444727,3,4,1.2419606176512257,,0.9999999996101364,0.0,0.0,0.0,0.1428571428571428,,0.9999999996101364,0.0741733021738186
ACDC_147,0.943294091996914,3,4,1.1307385229540918,,0.99999999987556,0.0,0.0,0.0,0.0,,0.99999999987556,0.104908516237273
ACDC_148,0.941314344091213,3,4,1.1006770680011777,,0.9999999996768982,0.0,0.0,2.0,0.0714285714285714,,0.9999999996768982,0.0875020183878401
ACDC_149,0.9117165664761496,3,4,1.1116528682221276,,0.999999999818939,0.0,0.0,5.0,0.1,,0.999999999818939,0.0946056168041175
ACDC_150,0.863933710258426,3,4,1.2139013452914795,,0.9999999995682212,0.0,0.0,1.0,0.0,,0.9999999995682212,0.0771198378552599
ACDC_151,0.8666849165145178,3,4,1.2468494013862634,,0.9999999997630332,0.0,0.0,6.0,0.0,,0.9999999997630332,0.0647731404513986
ACDC_152,0.8362957005643822,3,4,1.2643253234750462,,0.999999999515973,0.0,0.0,3.0,0.2222222222222222,,0.999999999515973,0.0600190609216113
ACDC_153,0.9360780660369082,3,4,1.2377809798270891,,0.999999999909412,0.0,0.0,0.0,0.0,,0.999999999909412,0.1000789122519222
ACDC_154,0.9355896951603325,3,4,1.2076411328644745,,0.999999999808905,0.0,0.0,0.0,0.0588235294117647,,0.999999999808905,0.0918673226430075
ACDC_155,0.9372377476301571,3,4,1.222152983330737,,0.999999999824284,0.0,0.0,0.0,0.0,,0.999999999824284,0.0857547518673685
ACDC_156,0.9299597809749048,3,4,1.208967109978498,,0.9999999995780592,0.0,0.0,0.0,0.0,,0.9999999995780592,0.075795577521571
ACDC_157,0.9544846749894006,3,4,1.228155741092833,,0.9999999998882306,0.0,0.0,1.0,0.0,,0.9999999998882306,0.0985014079330675
ACDC_158,0.9404232096539067,3,4,1.2260401573173256,,0.9999999997895622,0.0,0.0,0.0,0.0,,0.9999999997895622,0.0862760546937002
ACDC_159,0.9323567409872631,3,4,1.1619602738950825,,0.999999999759673,0.0,0.0,2.0,0.125,,0.999999999759673,0.0720350240232123
ACDC_160,0.9112242394778254,3,4,1.1306967984934089,,0.9999999994428967,0.0,0.0,1.0,0.0,,0.9999999994428967,0.0655696573681777
