case,RV,Myo,LV,mean,weighted
ACDC_001,0.9672,0.9313,0.9836,0.9607,否
ACDC_002,0.9585,0.9475,0.9836,0.9632,否
ACDC_003,0.9746,0.9421,0.9838,0.9668,否
ACDC_004,0.9334,0.9485,0.9810,0.9543,否
ACDC_005,0.9684,0.9401,0.9821,0.9635,否
ACDC_006,0.9779,0.9649,0.9875,0.9768,是
ACDC_007,0.9670,0.9218,0.9801,0.9563,否
ACDC_008,0.9594,0.9158,0.9774,0.9509,否
ACDC_009,0.9724,0.9354,0.9835,0.9637,否
ACDC_010,0.9738,0.9407,0.9821,0.9655,否
ACDC_011,0.9745,0.9332,0.9822,0.9633,否
ACDC_012,0.9655,0.9414,0.9779,0.9616,否
ACDC_013,0.9647,0.9482,0.9848,0.9659,否
ACDC_014,0.9587,0.9557,0.9861,0.9668,否
ACDC_015,0.9786,0.9388,0.9845,0.9673,否
ACDC_016,0.9741,0.9432,0.9858,0.9677,否
ACDC_017,0.9697,0.9375,0.9834,0.9636,否
ACDC_018,0.9634,0.9364,0.9808,0.9602,否
ACDC_019,0.9647,0.9494,0.9840,0.9660,否
ACDC_020,0.9603,0.9544,0.9778,0.9642,否
ACDC_021,0.9710,0.9331,0.9867,0.9636,否
ACDC_022,0.9744,0.9407,0.9876,0.9676,否
ACDC_023,0.9827,0.9255,0.9867,0.9650,否
ACDC_024,0.9782,0.9440,0.9877,0.9700,否
ACDC_025,0.9822,0.9632,0.9909,0.9787,否
ACDC_026,0.9812,0.9763,0.9915,0.9830,是
ACDC_027,0.9823,0.9470,0.9862,0.9718,否
ACDC_028,0.9793,0.9581,0.9883,0.9752,否
ACDC_029,0.9638,0.9488,0.9742,0.9623,否
ACDC_030,0.9654,0.9799,0.9764,0.9739,是
ACDC_031,0.9696,0.9553,0.9838,0.9696,否
ACDC_032,0.9739,0.9732,0.9765,0.9745,否
ACDC_033,0.9650,0.9565,0.9755,0.9657,否
ACDC_034,0.9663,0.9775,0.9754,0.9731,是
ACDC_035,0.9667,0.9532,0.9766,0.9655,否
ACDC_036,0.9752,0.9842,0.9867,0.9820,是
ACDC_037,0.9748,0.9505,0.9797,0.9684,否
ACDC_038,0.9638,0.9685,0.9702,0.9675,否
ACDC_039,0.9661,0.9603,0.9770,0.9678,否
ACDC_040,0.9708,0.9798,0.9803,0.9770,是
ACDC_041,0.9648,0.9524,0.9756,0.9643,否
ACDC_042,0.9738,0.9805,0.9741,0.9761,是
ACDC_043,0.9670,0.9467,0.9791,0.9643,否
ACDC_044,0.9731,0.9818,0.9842,0.9797,是
ACDC_045,0.9742,0.9563,0.9842,0.9716,否
ACDC_046,0.9634,0.9742,0.9804,0.9727,否
ACDC_047,0.9727,0.9649,0.9740,0.9705,否
ACDC_048,0.9722,0.9874,0.9823,0.9806,是
ACDC_049,0.9726,0.9425,0.9780,0.9644,否
ACDC_050,0.9714,0.9782,0.9761,0.9752,是
ACDC_051,0.9594,0.9438,0.9689,0.9574,否
ACDC_052,0.9715,0.9847,0.9921,0.9828,是
ACDC_053,0.9670,0.9533,0.9841,0.9681,否
ACDC_054,0.9614,0.9627,0.9713,0.9651,否
ACDC_055,0.9725,0.9498,0.9779,0.9667,否
ACDC_056,0.9784,0.9821,0.9739,0.9782,是
ACDC_057,0.9666,0.9637,0.9805,0.9703,否
ACDC_058,0.9560,0.9731,0.9748,0.9680,否
ACDC_059,0.9759,0.9528,0.9832,0.9706,否
ACDC_060,0.9622,0.9628,0.9801,0.9684,否
ACDC_061,0.9729,0.9300,0.9810,0.9613,否
ACDC_062,0.9722,0.9454,0.9765,0.9647,否
ACDC_063,0.9732,0.9230,0.9802,0.9588,否
ACDC_064,0.9662,0.9422,0.9776,0.9620,否
ACDC_065,0.9633,0.9459,0.9822,0.9638,否
ACDC_066,0.9509,0.9656,0.9774,0.9646,否
ACDC_067,0.9760,0.9391,0.9862,0.9671,否
ACDC_068,0.9801,0.9703,0.9878,0.9794,是
ACDC_069,0.9705,0.9436,0.9814,0.9652,否
ACDC_070,0.9682,0.9647,0.9792,0.9707,否
ACDC_071,0.9727,0.9386,0.9820,0.9644,否
ACDC_072,0.9647,0.9471,0.9815,0.9644,否
ACDC_073,0.9691,0.9506,0.9847,0.9681,否
ACDC_074,0.9704,0.9606,0.9831,0.9714,否
ACDC_075,0.9596,0.9499,0.9839,0.9644,否
ACDC_076,0.9387,0.9558,0.9831,0.9592,否
ACDC_077,0.9666,0.9254,0.9847,0.9589,否
ACDC_078,0.9513,0.9419,0.9834,0.9589,否
ACDC_079,0.9719,0.9347,0.9815,0.9627,否
ACDC_080,0.9668,0.9450,0.9741,0.9620,否
ACDC_081,0.9752,0.9278,0.9805,0.9611,否
ACDC_082,0.9799,0.9608,0.9828,0.9745,是
ACDC_083,0.9717,0.9561,0.9851,0.9710,否
ACDC_084,0.9624,0.9612,0.9834,0.9690,否
ACDC_085,0.9644,0.9464,0.9875,0.9661,否
ACDC_086,0.9579,0.9542,0.9857,0.9659,否
ACDC_087,0.9757,0.9452,0.9867,0.9692,否
ACDC_088,0.9733,0.9572,0.9793,0.9699,否
ACDC_089,0.9646,0.9573,0.9843,0.9687,否
ACDC_090,0.9759,0.9713,0.9841,0.9771,是
ACDC_091,0.9749,0.9544,0.9887,0.9727,否
ACDC_092,0.9640,0.9623,0.9818,0.9694,否
ACDC_093,0.9819,0.9660,0.9893,0.9790,否
ACDC_094,0.9595,0.9710,0.9805,0.9703,否
ACDC_095,0.9805,0.9586,0.9910,0.9767,否
ACDC_096,0.9680,0.9629,0.9887,0.9732,否
ACDC_097,0.9806,0.9408,0.9839,0.9684,否
ACDC_098,0.9680,0.9663,0.9773,0.9705,否
ACDC_099,0.9763,0.9382,0.9835,0.9660,否
ACDC_100,0.9682,0.9613,0.9718,0.9671,否
ACDC_101,0.9722,0.9258,0.9778,0.9586,否
ACDC_102,0.9708,0.9679,0.9751,0.9713,否
ACDC_103,0.9763,0.9504,0.9797,0.9688,否
ACDC_104,0.9670,0.9619,0.9725,0.9671,否
ACDC_105,0.9774,0.9406,0.9829,0.9670,否
ACDC_106,0.9699,0.9639,0.9789,0.9709,否
ACDC_107,0.9775,0.9323,0.9780,0.9626,否
ACDC_108,0.9690,0.9557,0.9686,0.9644,否
ACDC_109,0.9770,0.9354,0.9869,0.9664,否
ACDC_110,0.9820,0.9710,0.9859,0.9796,是
ACDC_111,0.9830,0.9536,0.9864,0.9743,否
ACDC_112,0.9828,0.9852,0.9923,0.9868,是
ACDC_113,0.9760,0.9471,0.9859,0.9697,否
ACDC_114,0.9722,0.9676,0.9831,0.9743,否
ACDC_115,0.9786,0.9546,0.9844,0.9725,否
ACDC_116,0.9740,0.9709,0.9771,0.9740,否
ACDC_117,0.9751,0.9395,0.9799,0.9648,否
ACDC_118,0.9683,0.9729,0.9807,0.9740,否
ACDC_119,0.9771,0.9498,0.9859,0.9710,否
ACDC_120,0.9747,0.9621,0.9824,0.9731,否
ACDC_121,0.9749,0.9357,0.9780,0.9629,否
ACDC_122,0.9652,0.9604,0.9707,0.9654,否
ACDC_123,0.9848,0.9660,0.9906,0.9804,否
ACDC_124,0.9792,0.9738,0.9792,0.9774,否
ACDC_125,0.9863,0.9739,0.9927,0.9843,否
ACDC_126,0.9712,0.9761,0.9778,0.9750,否
ACDC_127,0.9746,0.9682,0.9884,0.9770,否
ACDC_128,0.9768,0.9795,0.9811,0.9791,是
ACDC_129,0.9865,0.9553,0.9849,0.9756,否
ACDC_130,0.9757,0.9797,0.9855,0.9803,否
ACDC_131,0.9624,0.9226,0.9832,0.9561,否
ACDC_132,0.9679,0.9447,0.9744,0.9623,否
ACDC_133,0.9803,0.9574,0.9790,0.9722,否
ACDC_134,0.9804,0.9772,0.9836,0.9804,否
ACDC_135,0.9784,0.9196,0.9805,0.9595,否
ACDC_136,0.9711,0.9511,0.9659,0.9627,否
ACDC_137,0.9758,0.9330,0.9823,0.9637,否
ACDC_138,0.9721,0.9518,0.9618,0.9619,否
ACDC_139,0.9867,0.9519,0.9870,0.9752,否
ACDC_140,0.9823,0.9683,0.9728,0.9745,否
ACDC_141,0.9757,0.9231,0.9791,0.9593,否
ACDC_142,0.9811,0.9531,0.9760,0.9701,是
ACDC_143,0.9829,0.9413,0.9832,0.9691,否
ACDC_144,0.9771,0.9491,0.9820,0.9694,否
ACDC_145,0.9585,0.8927,0.9770,0.9427,否
ACDC_146,0.9688,0.9427,0.9769,0.9628,否
ACDC_147,0.9800,0.9380,0.9824,0.9668,否
ACDC_148,0.9757,0.9615,0.9783,0.9718,否
ACDC_149,0.9852,0.9333,0.9860,0.9681,否
ACDC_150,0.9765,0.9557,0.9819,0.9714,否
ACDC_151,0.9739,0.9435,0.9852,0.9675,否
ACDC_152,0.9716,0.9452,0.9736,0.9635,否
ACDC_153,0.9790,0.9340,0.9838,0.9656,否
ACDC_154,0.9778,0.9591,0.9788,0.9719,是
ACDC_155,0.9788,0.9435,0.9836,0.9686,否
ACDC_156,0.9767,0.9649,0.9748,0.9721,否
ACDC_157,0.9790,0.9572,0.9875,0.9746,否
ACDC_158,0.9744,0.9689,0.9857,0.9763,否
ACDC_159,0.9785,0.9604,0.9858,0.9749,否
ACDC_160,0.9830,0.9762,0.9831,0.9808,否
