case,Aorta,Gallbl,KidL,KidR,Liver,Pancr,Spleen,Stomach,mean,weighted
BTCV_001,0.9227,0.8865,0.6989,0.4337,0.9566,0.7251,0.9399,0.8916,0.8069,否
BTCV_002,0.9347,0.8445,0.6720,0.7599,0.9681,0.4754,0.8480,0.7625,0.7831,否
BTCV_003,0.8596,0.0000,0.8890,0.8888,0.9364,0.6773,0.8511,0.7166,0.7274,否
BTCV_004,0.8540,0.0000,0.7664,0.7164,0.5916,0.7048,0.2565,0.5804,0.5588,否
BTCV_005,0.9276,0.6018,0.9266,0.9151,0.9668,0.7556,0.9313,0.8544,0.8599,否
BTCV_006,0.9406,0.8846,0.9438,0.9536,0.9698,0.4830,0.7753,0.8730,0.8530,否
BTCV_007,0.8904,0.0000,0.6141,0.7258,0.8985,0.7560,0.8011,0.8759,0.6952,否
BTCV_008,0.9429,0.0000,0.9581,0.9624,0.9645,0.8053,0.9416,0.9080,0.8104,否
BTCV_009,0.9346,0.6813,0.9429,0.9345,0.9709,0.6797,0.9660,0.8913,0.8752,否
BTCV_010,0.9206,0.8625,0.8239,0.8056,0.9701,0.7892,0.9330,0.7128,0.8522,否
BTCV_011,0.9540,0.6007,0.9379,0.9262,0.9367,0.8405,0.9694,0.9267,0.8865,否
BTCV_012,0.9449,0.9258,0.9420,0.9269,0.9688,0.7497,0.9730,0.9152,0.9183,否
BTCV_013,0.9551,0.9073,0.9494,0.9548,0.9650,0.8590,0.9559,0.8867,0.9292,否
BTCV_014,0.8519,0.7799,0.8620,0.9174,0.9202,0.6909,0.9442,0.7853,0.8440,否
BTCV_015,0.9310,0.5557,0.9398,0.9566,0.9652,0.7962,0.9569,0.8798,0.8727,否
BTCV_016,0.9051,0.9246,0.9564,0.9555,0.9687,0.7210,0.9330,0.5451,0.8637,否
BTCV_017,0.8935,0.8426,0.9353,0.9164,0.9716,0.7849,0.9670,0.9038,0.9019,否
BTCV_018,0.8902,0.7523,0.9711,0.9662,0.9762,0.8605,0.9668,0.8622,0.9057,否
