dataset,expert,list_file,case,baseline_mean,expert_mean,delta,result,Aorta_baseline,Aorta_expert,Gallbl_baseline,Gallbl_expert,KidL_baseline,KidL_expert,KidR_baseline,KidR_expert,Liver_baseline,Liver_expert,Pancr_baseline,Pancr_expert,Spleen_baseline,Spleen_expert,Stomach_baseline,Stomach_expert,RV_baseline,RV_expert,Myo_baseline,Myo_expert,LV_baseline,LV_expert
ACDC,psi10w3,wcases_acdc_psi10_centroid.csv,ACDC_146,0.9978,0.9465,-0.0513,下降,,,,,,,,,,,,,,,,,0.9985,0.9553,0.9961,0.9201,0.9987,0.9641
ACDC,psi10w3,wcases_acdc_psi10_centroid.csv,ACDC_030,0.9889,0.9441,-0.0449,下降,,,,,,,,,,,,,,,,,0.9877,0.9135,0.9907,0.9651,0.9885,0.9535
ACDC,psi10w3,wcases_acdc_psi10_centroid.csv,ACDC_048,0.9953,0.9512,-0.0440,下降,,,,,,,,,,,,,,,,,0.9919,0.9177,0.9984,0.9760,0.9956,0.9601
ACDC,psi10w3,wcases_acdc_psi10_centroid.csv,ACDC_051,0.9894,0.9462,-0.0432,下降,,,,,,,,,,,,,,,,,0.9921,0.9414,0.9847,0.9349,0.9913,0.9623
ACDC,psi10w3,wcases_acdc_psi10_centroid.csv,ACDC_073,0.9967,0.9560,-0.0407,下降,,,,,,,,,,,,,,,,,0.9976,0.9538,0.9945,0.9338,0.9980,0.9805
ACDC,psi10w3,wcases_acdc_psi10_centroid.csv,ACDC_078,0.9834,0.9468,-0.0366,下降,,,,,,,,,,,,,,,,,0.9783,0.9293,0.9783,0.9300,0.9937,0.9812
ACDC,psi10w3,wcases_acdc_psi10_centroid.csv,ACDC_046,0.9967,0.9605,-0.0362,下降,,,,,,,,,,,,,,,,,0.9954,0.9454,0.9977,0.9657,0.9970,0.9704
ACDC,psi10w3,wcases_acdc_psi10_centroid.csv,ACDC_060,0.9929,0.9567,-0.0362,下降,,,,,,,,,,,,,,,,,0.9910,0.9406,0.9912,0.9553,0.9964,0.9740
ACDC,psi10w3,wcases_acdc_psi10_centroid.csv,ACDC_064,0.9888,0.9536,-0.0352,下降,,,,,,,,,,,,,,,,,0.9879,0.9517,0.9837,0.9337,0.9947,0.9754
ACDC,psi10w3,wcases_acdc_psi10_centroid.csv,ACDC_150,0.9972,0.9620,-0.0352,下降,,,,,,,,,,,,,,,,,0.9973,0.9703,0.9962,0.9401,0.9983,0.9756
ACDC,psi10w3,wcases_acdc_psi10_centroid.csv,ACDC_074,0.9978,0.9631,-0.0347,下降,,,,,,,,,,,,,,,,,0.9976,0.9591,0.9967,0.9517,0.9990,0.9785
ACDC,psi10w3,wcases_acdc_psi10_centroid.csv,ACDC_034,0.9862,0.9515,-0.0346,下降,,,,,,,,,,,,,,,,,0.9835,0.9309,0.9893,0.9645,0.9857,0.9593
ACDC,psi10w3,wcases_acdc_psi10_centroid.csv,ACDC_096,0.9970,0.9631,-0.0339,下降,,,,,,,,,,,,,,,,,0.9963,0.9530,0.9960,0.9519,0.9988,0.9844
ACDC,psi10w3,wcases_acdc_psi10_centroid.csv,ACDC_120,0.9958,0.9624,-0.0334,下降,,,,,,,,,,,,,,,,,0.9969,0.9653,0.9947,0.9474,0.9959,0.9746
ACDC,psi10w3,wcases_acdc_psi10_centroid.csv,ACDC_050,0.9882,0.9550,-0.0332,下降,,,,,,,,,,,,,,,,,0.9876,0.9439,0.9897,0.9622,0.9871,0.9588
ACDC,psi10w3,wcases_acdc_psi10_centroid.csv,ACDC_114,0.9974,0.9643,-0.0331,下降,,,,,,,,,,,,,,,,,0.9964,0.9567,0.9967,0.9570,0.9992,0.9792
ACDC,psi10w3,wcases_acdc_psi10_centroid.csv,ACDC_052,0.9898,0.9572,-0.0326,下降,,,,,,,,,,,,,,,,,0.9839,0.9523,0.9910,0.9634,0.9945,0.9560
ACDC,psi10w3,wcases_acdc_psi10_centroid.csv,ACDC_080,0.9872,0.9552,-0.0320,下降,,,,,,,,,,,,,,,,,0.9865,0.9568,0.9814,0.9364,0.9938,0.9725
ACDC,psi10w3,wcases_acdc_psi10_centroid.csv,ACDC_062,0.9873,0.9557,-0.0316,下降,,,,,,,,,,,,,,,,,0.9896,0.9547,0.9809,0.9376,0.9914,0.9749
ACDC,psi10w3,wcases_acdc_psi10_centroid.csv,ACDC_140,0.9976,0.9662,-0.0314,下降,,,,,,,,,,,,,,,,,0.9986,0.9771,0.9969,0.9553,0.9973,0.9663
ACDC,psi10w3,wcases_acdc_psi10_centroid.csv,ACDC_116,0.9969,0.9662,-0.0307,下降,,,,,,,,,,,,,,,,,0.9976,0.9643,0.9960,0.9635,0.9970,0.9708
ACDC,psi10w3,wcases_acdc_psi10_centroid.csv,ACDC_111,0.9970,0.9667,-0.0303,下降,,,,,,,,,,,,,,,,,0.9982,0.9754,0.9953,0.9411,0.9977,0.9836
ACDC,psi10w3,wcases_acdc_psi10_centroid.csv,ACDC_109,0.9937,0.9636,-0.0302,下降,,,,,,,,,,,,,,,,,0.9962,0.9752,0.9869,0.9303,0.9981,0.9852
ACDC,psi10w3,wcases_acdc_psi10_centroid.csv,ACDC_152,0.9839,0.9537,-0.0302,下降,,,,,,,,,,,,,,,,,0.9877,0.9563,0.9720,0.9356,0.9920,0.9691
ACDC,psi10w3,wcases_acdc_psi10_centroid.csv,ACDC_065,0.9840,0.9542,-0.0298,下降,,,,,,,,,,,,,,,,,0.9874,0.9583,0.9744,0.9294,0.9903,0.9749
ACDC,psi10w3,wcases_acdc_psi10_centroid.csv,ACDC_033,0.9883,0.9585,-0.0297,下降,,,,,,,,,,,,,,,,,0.9888,0.9556,0.9864,0.9491,0.9896,0.9709
ACDC,psi10w3,wcases_acdc_psi10_centroid.csv,ACDC_076,0.9768,0.9472,-0.0296,下降,,,,,,,,,,,,,,,,,0.9603,0.9154,0.9792,0.9455,0.9908,0.9807
ACDC,psi10w3,wcases_acdc_psi10_centroid.csv,ACDC_112,0.9957,0.9664,-0.0294,下降,,,,,,,,,,,,,,,,,0.9931,0.9532,0.9970,0.9643,0.9971,0.9816
ACDC,psi10w3,wcases_acdc_psi10_centroid.csv,ACDC_036,0.9952,0.9666,-0.0286,下降,,,,,,,,,,,,,,,,,0.9946,0.9549,0.9959,0.9720,0.9949,0.9730
ACDC,psi10w3,wcases_acdc_psi10_centroid.csv,ACDC_110,0.9938,0.9655,-0.0284,下降,,,,,,,,,,,,,,,,,0.9943,0.9666,0.9915,0.9535,0.9958,0.9764
ACDC,psi10w3,wcases_acdc_psi10_centroid.csv,ACDC_104,0.9879,0.9597,-0.0282,下降,,,,,,,,,,,,,,,,,0.9894,0.9569,0.9854,0.9555,0.9888,0.9668
ACDC,psi10w3,wcases_acdc_psi10_centroid.csv,ACDC_066,0.9805,0.9532,-0.0273,下降,,,,,,,,,,,,,,,,,0.9739,0.9275,0.9803,0.9599,0.9871,0.9722
ACDC,psi10w3,wcases_acdc_psi10_centroid.csv,ACDC_108,0.9840,0.9581,-0.0259,下降,,,,,,,,,,,,,,,,,0.9871,0.9615,0.9783,0.9495,0.9865,0.9632
ACDC,psi10w3,wcases_acdc_psi10_centroid.csv,ACDC_134,0.9969,0.9713,-0.0256,下降,,,,,,,,,,,,,,,,,0.9985,0.9775,0.9972,0.9659,0.9951,0.9706
ACDC,psi10w3,wcases_acdc_psi10_centroid.csv,ACDC_032,0.9889,0.9638,-0.0251,下降,,,,,,,,,,,,,,,,,0.9893,0.9556,0.9876,0.9649,0.9898,0.9710
ACDC,psi10w3,wcases_acdc_psi10_centroid.csv,ACDC_136,0.9818,0.9568,-0.0249,下降,,,,,,,,,,,,,,,,,0.9876,0.9624,0.9760,0.9457,0.9818,0.9624
ACDC,psi10w3,wcases_acdc_psi10_centroid.csv,ACDC_056,0.9883,0.9642,-0.0241,下降,,,,,,,,,,,,,,,,,0.9885,0.9587,0.9908,0.9709,0.9857,0.9629
ACDC,psi10w3,wcases_acdc_psi10_centroid.csv,ACDC_151,0.9860,0.9624,-0.0236,下降,,,,,,,,,,,,,,,,,0.9916,0.9663,0.9736,0.9374,0.9928,0.9833
ACDC,psi10w3,wcases_acdc_psi10_centroid.csv,ACDC_102,0.9860,0.9630,-0.0230,下降,,,,,,,,,,,,,,,,,0.9884,0.9562,0.9853,0.9622,0.9842,0.9706
ACDC,psi10w3,wcases_acdc_psi10_centroid.csv,ACDC_092,0.9843,0.9617,-0.0226,下降,,,,,,,,,,,,,,,,,0.9778,0.9467,0.9821,0.9577,0.9931,0.9808
ACDC,psi10w3,wcases_acdc_psi10_centroid.csv,ACDC_084,0.9861,0.9641,-0.0220,下降,,,,,,,,,,,,,,,,,0.9831,0.9590,0.9828,0.9513,0.9923,0.9819
ACDC,psi10w3,wcases_acdc_psi10_centroid.csv,ACDC_156,0.9853,0.9639,-0.0214,下降,,,,,,,,,,,,,,,,,0.9908,0.9634,0.9820,0.9585,0.9832,0.9699
ACDC,psi10w3,wcases_acdc_psi10_centroid.csv,ACDC_118,0.9889,0.9689,-0.0200,下降,,,,,,,,,,,,,,,,,0.9879,0.9582,0.9876,0.9690,0.9912,0.9796
ACDC,psi10w3,wcases_acdc_psi10_centroid.csv,ACDC_094,0.9848,0.9656,-0.0192,下降,,,,,,,,,,,,,,,,,0.9806,0.9522,0.9839,0.9655,0.9898,0.9790
ACDC,psi10w3,wcases_acdc_psi10_centroid.csv,ACDC_126,0.9872,0.9707,-0.0164,下降,,,,,,,,,,,,,,,,,0.9870,0.9620,0.9880,0.9740,0.9865,0.9762
ACDC,psi10w3,wcases_acdc_psi10_centroid.csv,ACDC_159,0.9885,0.9727,-0.0158,下降,,,,,,,,,,,,,,,,,0.9932,0.9753,0.9793,0.9584,0.9929,0.9844
ACDC,psi10w3,wcases_acdc_psi10_centroid.csv,ACDC_130,0.9885,0.9761,-0.0124,下降,,,,,,,,,,,,,,,,,0.9877,0.9708,0.9876,0.9753,0.9901,0.9822
ACDC,psi10w3,wcases_acdc_psi10_centroid.csv,ACDC_160,0.9892,0.9785,-0.0107,下降,,,,,,,,,,,,,,,,,0.9914,0.9805,0.9870,0.9740,0.9891,0.9809
ACDC,psi1w3,wcases_psi1_convex.csv,ACDC_008,0.9873,0.9581,-0.0292,下降,,,,,,,,,,,,,,,,,0.9896,0.9639,0.9783,0.9293,0.9941,0.9812
ACDC,psi1w3,wcases_psi1_convex.csv,ACDC_007,0.9864,0.9592,-0.0273,下降,,,,,,,,,,,,,,,,,0.9914,0.9624,0.9747,0.9331,0.9932,0.9819
ACDC,psi1w3,wcases_psi1_convex.csv,ACDC_002,0.9970,0.9710,-0.0260,下降,,,,,,,,,,,,,,,,,0.9949,0.9664,0.9969,0.9594,0.9994,0.9872
ACDC,psi1w3,wcases_psi1_convex.csv,ACDC_001,0.9969,0.9712,-0.0257,下降,,,,,,,,,,,,,,,,,0.9964,0.9733,0.9955,0.9515,0.9988,0.9889
ACDC,psi1w3,wcases_psi1_convex.csv,ACDC_030,0.9889,0.9671,-0.0218,下降,,,,,,,,,,,,,,,,,0.9877,0.9557,0.9907,0.9747,0.9885,0.9710
ACDC,psi1w3,wcases_psi1_convex.csv,ACDC_048,0.9953,0.9742,-0.0211,下降,,,,,,,,,,,,,,,,,0.9919,0.9628,0.9984,0.9847,0.9956,0.9751
ACDC,psi1w3,wcases_psi1_convex.csv,ACDC_068,0.9969,0.9762,-0.0207,下降,,,,,,,,,,,,,,,,,0.9961,0.9740,0.9965,0.9669,0.9981,0.9877
ACDC,psi1w3,wcases_psi1_convex.csv,ACDC_047,0.9967,0.9765,-0.0201,下降,,,,,,,,,,,,,,,,,0.9966,0.9745,0.9962,0.9732,0.9972,0.9819
ACDC,psi1w3,wcases_psi1_convex.csv,ACDC_114,0.9974,0.9773,-0.0201,下降,,,,,,,,,,,,,,,,,0.9964,0.9700,0.9967,0.9738,0.9992,0.9882
ACDC,psi1w3,wcases_psi1_convex.csv,ACDC_006,0.9930,0.9731,-0.0199,下降,,,,,,,,,,,,,,,,,0.9943,0.9722,0.9885,0.9603,0.9962,0.9868
ACDC,psi1w3,wcases_psi1_convex.csv,ACDC_064,0.9888,0.9690,-0.0198,下降,,,,,,,,,,,,,,,,,0.9879,0.9689,0.9837,0.9553,0.9947,0.9826
ACDC,psi1w3,wcases_psi1_convex.csv,ACDC_074,0.9978,0.9782,-0.0195,下降,,,,,,,,,,,,,,,,,0.9976,0.9771,0.9967,0.9705,0.9990,0.9871
ACDC,psi1w3,wcases_psi1_convex.csv,ACDC_004,0.9822,0.9633,-0.0189,下降,,,,,,,,,,,,,,,,,0.9683,0.9412,0.9845,0.9619,0.9937,0.9867
ACDC,psi1w3,wcases_psi1_convex.csv,ACDC_109,0.9937,0.9749,-0.0188,下降,,,,,,,,,,,,,,,,,0.9962,0.9810,0.9869,0.9534,0.9981,0.9903
ACDC,psi1w3,wcases_psi1_convex.csv,ACDC_070,0.9958,0.9771,-0.0187,下降,,,,,,,,,,,,,,,,,0.9954,0.9731,0.9949,0.9728,0.9972,0.9854
ACDC,psi1w3,wcases_psi1_convex.csv,ACDC_060,0.9929,0.9742,-0.0186,下降,,,,,,,,,,,,,,,,,0.9910,0.9697,0.9912,0.9690,0.9964,0.9840
ACDC,psi1w3,wcases_psi1_convex.csv,ACDC_059,0.9948,0.9763,-0.0185,下降,,,,,,,,,,,,,,,,,0.9954,0.9809,0.9908,0.9616,0.9982,0.9865
ACDC,psi1w3,wcases_psi1_convex.csv,ACDC_078,0.9834,0.9651,-0.0183,下降,,,,,,,,,,,,,,,,,0.9783,0.9551,0.9783,0.9539,0.9937,0.9862
ACDC,psi1w3,wcases_psi1_convex.csv,ACDC_096,0.9970,0.9794,-0.0177,下降,,,,,,,,,,,,,,,,,0.9963,0.9730,0.9960,0.9729,0.9988,0.9923
ACDC,psi1w3,wcases_psi1_convex.csv,ACDC_018,0.9829,0.9653,-0.0176,下降,,,,,,,,,,,,,,,,,0.9861,0.9680,0.9719,0.9445,0.9908,0.9834
ACDC,psi1w3,wcases_psi1_convex.csv,ACDC_013,0.9875,0.9703,-0.0171,下降,,,,,,,,,,,,,,,,,0.9866,0.9682,0.9816,0.9561,0.9942,0.9867
ACDC,psi1w3,wcases_psi1_convex.csv,ACDC_110,0.9938,0.9770,-0.0168,下降,,,,,,,,,,,,,,,,,0.9943,0.9773,0.9915,0.9682,0.9958,0.9856
ACDC,psi1w3,wcases_psi1_convex.csv,ACDC_131,0.9781,0.9616,-0.0165,下降,,,,,,,,,,,,,,,,,0.9863,0.9704,0.9572,0.9299,0.9907,0.9844
ACDC,psi1w3,wcases_psi1_convex.csv,ACDC_020,0.9884,0.9720,-0.0164,下降,,,,,,,,,,,,,,,,,0.9853,0.9648,0.9871,0.9664,0.9929,0.9849
ACDC,psi1w3,wcases_psi1_convex.csv,ACDC_077,0.9821,0.9660,-0.0162,下降,,,,,,,,,,,,,,,,,0.9864,0.9702,0.9665,0.9408,0.9934,0.9868
ACDC,psi1w3,wcases_psi1_convex.csv,ACDC_095,0.9983,0.9821,-0.0162,下降,,,,,,,,,,,,,,,,,0.9987,0.9827,0.9965,0.9699,0.9996,0.9937
ACDC,psi1w3,wcases_psi1_convex.csv,ACDC_034,0.9862,0.9710,-0.0152,下降,,,,,,,,,,,,,,,,,0.9835,0.9647,0.9893,0.9770,0.9857,0.9714
ACDC,psi1w3,wcases_psi1_convex.csv,ACDC_014,0.9861,0.9711,-0.0151,下降,,,,,,,,,,,,,,,,,0.9836,0.9623,0.9823,0.9628,0.9926,0.9881
ACDC,psi1w3,wcases_psi1_convex.csv,ACDC_086,0.9790,0.9643,-0.0147,下降,,,,,,,,,,,,,,,,,0.9690,0.9490,0.9775,0.9579,0.9906,0.9859
ACDC,psi1w3,wcases_psi1_convex.csv,ACDC_058,0.9883,0.9737,-0.0146,下降,,,,,,,,,,,,,,,,,0.9876,0.9633,0.9905,0.9784,0.9868,0.9794
ACDC,psi1w3,wcases_psi1_convex.csv,ACDC_003,0.9883,0.9738,-0.0145,下降,,,,,,,,,,,,,,,,,0.9889,0.9775,0.9800,0.9551,0.9958,0.9887
ACDC,psi1w3,wcases_psi1_convex.csv,ACDC_118,0.9889,0.9745,-0.0144,下降,,,,,,,,,,,,,,,,,0.9879,0.9694,0.9876,0.9743,0.9912,0.9798
ACDC,psi1w3,wcases_psi1_convex.csv,ACDC_075,0.9842,0.9703,-0.0140,下降,,,,,,,,,,,,,,,,,0.9854,0.9675,0.9752,0.9571,0.9920,0.9862
ACDC,psi1w3,wcases_psi1_convex.csv,ACDC_085,0.9830,0.9692,-0.0138,下降,,,,,,,,,,,,,,,,,0.9852,0.9700,0.9718,0.9504,0.9921,0.9873
ACDC,psi1w3,wcases_psi1_convex.csv,ACDC_112,0.9957,0.9820,-0.0137,下降,,,,,,,,,,,,,,,,,0.9931,0.9760,0.9970,0.9815,0.9971,0.9886
ACDC,psi1w3,wcases_psi1_convex.csv,ACDC_019,0.9877,0.9742,-0.0135,下降,,,,,,,,,,,,,,,,,0.9882,0.9723,0.9813,0.9619,0.9937,0.9884
ACDC,psi1w3,wcases_psi1_convex.csv,ACDC_066,0.9805,0.9688,-0.0116,下降,,,,,,,,,,,,,,,,,0.9739,0.9573,0.9803,0.9690,0.9871,0.9802
ACDC,psi1w3,wcases_psi1_convex.csv,ACDC_092,0.9843,0.9727,-0.0116,下降,,,,,,,,,,,,,,,,,0.9778,0.9656,0.9821,0.9669,0.9931,0.9856
ACDC,psi1w3,wcases_psi1_convex.csv,ACDC_076,0.9768,0.9653,-0.0115,下降,,,,,,,,,,,,,,,,,0.9603,0.9465,0.9792,0.9636,0.9908,0.9857
ACDC,psi1w3,wcases_psi1_convex.csv,ACDC_084,0.9861,0.9747,-0.0113,下降,,,,,,,,,,,,,,,,,0.9831,0.9698,0.9828,0.9689,0.9923,0.9855
ACDC,psi1w3,wcases_psi1_convex.csv,ACDC_040,0.9835,0.9734,-0.0101,下降,,,,,,,,,,,,,,,,,0.9796,0.9652,0.9876,0.9773,0.9834,0.9778
ACDC,psi1w3,wcases_psi1_convex.csv,ACDC_083,0.9855,0.9753,-0.0101,下降,,,,,,,,,,,,,,,,,0.9859,0.9716,0.9774,0.9649,0.9931,0.9895
ACDC,psi1w3,wcases_psi1_convex.csv,ACDC_094,0.9848,0.9747,-0.0101,下降,,,,,,,,,,,,,,,,,0.9806,0.9615,0.9839,0.9768,0.9898,0.9857
ACDC,psi1w3,wcases_psi1_convex.csv,ACDC_032,0.9889,0.9789,-0.0100,下降,,,,,,,,,,,,,,,,,0.9893,0.9792,0.9876,0.9768,0.9898,0.9808
ACDC,psi1w3,wcases_psi1_convex.csv,ACDC_026,0.9894,0.9811,-0.0083,下降,,,,,,,,,,,,,,,,,0.9854,0.9778,0.9872,0.9742,0.9957,0.9914
ACDC,psi1w3,wcases_psi1_convex.csv,ACDC_025,0.9898,0.9818,-0.0080,下降,,,,,,,,,,,,,,,,,0.9926,0.9831,0.9804,0.9693,0.9962,0.9929
ACDC,psi1w3,wcases_psi1_convex.csv,ACDC_126,0.9872,0.9791,-0.0080,下降,,,,,,,,,,,,,,,,,0.9870,0.9738,0.9880,0.9807,0.9865,0.9829
ACDC,psi1w3,wcases_psi1_convex.csv,ACDC_125,0.9900,0.9861,-0.0038,下降,,,,,,,,,,,,,,,,,0.9921,0.9880,0.9832,0.9775,0.9946,0.9928
ACDC,psi6w3,wcases_psi6_cc.csv,ACDC_145,0.9959,0.9388,-0.0571,下降,,,,,,,,,,,,,,,,,0.9988,0.9556,0.9911,0.8856,0.9978,0.9751
ACDC,psi6w3,wcases_psi6_cc.csv,ACDC_001,0.9969,0.9591,-0.0379,下降,,,,,,,,,,,,,,,,,0.9964,0.9618,0.9955,0.9306,0.9988,0.9847
ACDC,psi6w3,wcases_psi6_cc.csv,ACDC_004,0.9822,0.9468,-0.0353,下降,,,,,,,,,,,,,,,,,0.9683,0.9208,0.9845,0.9415,0.9937,0.9782
ACDC,psi6w3,wcases_psi6_cc.csv,ACDC_048,0.9953,0.9605,-0.0347,下降,,,,,,,,,,,,,,,,,0.9919,0.9353,0.9984,0.9791,0.9956,0.9672
ACDC,psi6w3,wcases_psi6_cc.csv,ACDC_069,0.9957,0.9624,-0.0333,下降,,,,,,,,,,,,,,,,,0.9967,0.9665,0.9924,0.9403,0.9980,0.9803
ACDC,psi6w3,wcases_psi6_cc.csv,ACDC_074,0.9978,0.9671,-0.0307,下降,,,,,,,,,,,,,,,,,0.9976,0.9647,0.9967,0.9555,0.9990,0.9810
ACDC,psi6w3,wcases_psi6_cc.csv,ACDC_016,0.9976,0.9669,-0.0306,下降,,,,,,,,,,,,,,,,,0.9980,0.9727,0.9957,0.9428,0.9990,0.9853
ACDC,psi6w3,wcases_psi6_cc.csv,ACDC_046,0.9967,0.9666,-0.0301,下降,,,,,,,,,,,,,,,,,0.9954,0.9494,0.9977,0.9714,0.9970,0.9788
ACDC,psi6w3,wcases_psi6_cc.csv,ACDC_113,0.9959,0.9658,-0.0301,下降,,,,,,,,,,,,,,,,,0.9971,0.9742,0.9927,0.9403,0.9979,0.9831
ACDC,psi6w3,wcases_psi6_cc.csv,ACDC_005,0.9928,0.9637,-0.0291,下降,,,,,,,,,,,,,,,,,0.9946,0.9649,0.9875,0.9428,0.9963,0.9834
ACDC,psi6w3,wcases_psi6_cc.csv,ACDC_059,0.9948,0.9659,-0.0289,下降,,,,,,,,,,,,,,,,,0.9954,0.9715,0.9908,0.9460,0.9982,0.9802
ACDC,psi6w3,wcases_psi6_cc.csv,ACDC_119,0.9953,0.9671,-0.0282,下降,,,,,,,,,,,,,,,,,0.9972,0.9720,0.9913,0.9451,0.9973,0.9841
ACDC,psi6w3,wcases_psi6_cc.csv,ACDC_006,0.9930,0.9651,-0.0279,下降,,,,,,,,,,,,,,,,,0.9943,0.9667,0.9885,0.9459,0.9962,0.9827
ACDC,psi6w3,wcases_psi6_cc.csv,ACDC_096,0.9970,0.9698,-0.0272,下降,,,,,,,,,,,,,,,,,0.9963,0.9593,0.9960,0.9619,0.9988,0.9884
ACDC,psi6w3,wcases_psi6_cc.csv,ACDC_045,0.9978,0.9707,-0.0271,下降,,,,,,,,,,,,,,,,,0.9985,0.9755,0.9965,0.9535,0.9985,0.9832
ACDC,psi6w3,wcases_psi6_cc.csv,ACDC_080,0.9872,0.9605,-0.0268,下降,,,,,,,,,,,,,,,,,0.9865,0.9613,0.9814,0.9464,0.9938,0.9737
ACDC,psi6w3,wcases_psi6_cc.csv,ACDC_071,0.9876,0.9609,-0.0267,下降,,,,,,,,,,,,,,,,,0.9900,0.9671,0.9786,0.9347,0.9944,0.9810
ACDC,psi6w3,wcases_psi6_cc.csv,ACDC_072,0.9882,0.9619,-0.0263,下降,,,,,,,,,,,,,,,,,0.9884,0.9606,0.9832,0.9451,0.9930,0.9799
ACDC,psi6w3,wcases_psi6_cc.csv,ACDC_075,0.9842,0.9587,-0.0255,下降,,,,,,,,,,,,,,,,,0.9854,0.9476,0.9752,0.9450,0.9920,0.9837
ACDC,psi6w3,wcases_psi6_cc.csv,ACDC_101,0.9844,0.9590,-0.0255,下降,,,,,,,,,,,,,,,,,0.9894,0.9683,0.9721,0.9321,0.9918,0.9764
ACDC,psi6w3,wcases_psi6_cc.csv,ACDC_142,0.9838,0.9582,-0.0255,下降,,,,,,,,,,,,,,,,,0.9878,0.9693,0.9756,0.9366,0.9879,0.9689
ACDC,psi6w3,wcases_psi6_cc.csv,ACDC_003,0.9883,0.9633,-0.0250,下降,,,,,,,,,,,,,,,,,0.9889,0.9702,0.9800,0.9373,0.9958,0.9823
ACDC,psi6w3,wcases_psi6_cc.csv,ACDC_112,0.9957,0.9708,-0.0249,下降,,,,,,,,,,,,,,,,,0.9931,0.9586,0.9970,0.9694,0.9971,0.9845
ACDC,psi6w3,wcases_psi6_cc.csv,ACDC_077,0.9821,0.9576,-0.0245,下降,,,,,,,,,,,,,,,,,0.9864,0.9632,0.9665,0.9249,0.9934,0.9847
ACDC,psi6w3,wcases_psi6_cc.csv,ACDC_021,0.9868,0.9628,-0.0240,下降,,,,,,,,,,,,,,,,,0.9903,0.9685,0.9745,0.9328,0.9956,0.9870
ACDC,psi6w3,wcases_psi6_cc.csv,ACDC_117,0.9868,0.9632,-0.0236,下降,,,,,,,,,,,,,,,,,0.9897,0.9734,0.9769,0.9366,0.9937,0.9796
ACDC,psi6w3,wcases_psi6_cc.csv,ACDC_154,0.9868,0.9634,-0.0234,下降,,,,,,,,,,,,,,,,,0.9901,0.9746,0.9804,0.9456,0.9899,0.9699
ACDC,psi6w3,wcases_psi6_cc.csv,ACDC_081,0.9835,0.9601,-0.0233,下降,,,,,,,,,,,,,,,,,0.9898,0.9746,0.9689,0.9247,0.9917,0.9810
ACDC,psi6w3,wcases_psi6_cc.csv,ACDC_104,0.9879,0.9646,-0.0233,下降,,,,,,,,,,,,,,,,,0.9894,0.9627,0.9854,0.9605,0.9888,0.9706
ACDC,psi6w3,wcases_psi6_cc.csv,ACDC_022,0.9878,0.9651,-0.0228,下降,,,,,,,,,,,,,,,,,0.9902,0.9691,0.9786,0.9392,0.9947,0.9869
ACDC,psi6w3,wcases_psi6_cc.csv,ACDC_065,0.9840,0.9614,-0.0226,下降,,,,,,,,,,,,,,,,,0.9874,0.9623,0.9744,0.9417,0.9903,0.9803
ACDC,psi6w3,wcases_psi6_cc.csv,ACDC_105,0.9873,0.9655,-0.0219,下降,,,,,,,,,,,,,,,,,0.9924,0.9760,0.9780,0.9371,0.9916,0.9833
ACDC,psi6w3,wcases_psi6_cc.csv,ACDC_079,0.9836,0.9620,-0.0216,下降,,,,,,,,,,,,,,,,,0.9885,0.9716,0.9689,0.9330,0.9935,0.9813
ACDC,psi6w3,wcases_psi6_cc.csv,ACDC_097,0.9881,0.9665,-0.0216,下降,,,,,,,,,,,,,,,,,0.9921,0.9781,0.9795,0.9386,0.9927,0.9829
ACDC,psi6w3,wcases_psi6_cc.csv,ACDC_058,0.9883,0.9679,-0.0204,下降,,,,,,,,,,,,,,,,,0.9876,0.9524,0.9905,0.9739,0.9868,0.9773
ACDC,psi6w3,wcases_psi6_cc.csv,ACDC_076,0.9768,0.9569,-0.0199,下降,,,,,,,,,,,,,,,,,0.9603,0.9353,0.9792,0.9532,0.9908,0.9821
ACDC,psi6w3,wcases_psi6_cc.csv,ACDC_066,0.9805,0.9607,-0.0198,下降,,,,,,,,,,,,,,,,,0.9739,0.9422,0.9803,0.9636,0.9871,0.9761
ACDC,psi6w3,wcases_psi6_cc.csv,ACDC_138,0.9808,0.9612,-0.0196,下降,,,,,,,,,,,,,,,,,0.9893,0.9730,0.9746,0.9497,0.9785,0.9608
ACDC,psi6w3,wcases_psi6_cc.csv,ACDC_082,0.9825,0.9633,-0.0192,下降,,,,,,,,,,,,,,,,,0.9848,0.9666,0.9717,0.9459,0.9909,0.9774
ACDC,psi6w3,wcases_psi6_cc.csv,ACDC_086,0.9790,0.9611,-0.0179,下降,,,,,,,,,,,,,,,,,0.9690,0.9485,0.9775,0.9512,0.9906,0.9836
ACDC,psi6w3,wcases_psi6_cc.csv,ACDC_087,0.9857,0.9679,-0.0178,下降,,,,,,,,,,,,,,,,,0.9905,0.9728,0.9739,0.9440,0.9928,0.9869
ACDC,psi6w3,wcases_psi6_cc.csv,ACDC_091,0.9882,0.9717,-0.0165,下降,,,,,,,,,,,,,,,,,0.9876,0.9727,0.9808,0.9534,0.9962,0.9888
ACDC,psi6w3,wcases_psi6_cc.csv,ACDC_129,0.9891,0.9743,-0.0148,下降,,,,,,,,,,,,,,,,,0.9932,0.9859,0.9811,0.9536,0.9931,0.9834
ACDC,psi6w3,wcases_psi6_cc.csv,ACDC_094,0.9848,0.9712,-0.0136,下降,,,,,,,,,,,,,,,,,0.9806,0.9607,0.9839,0.9697,0.9898,0.9833
ACDC,psi6w3,wcases_psi6_cc.csv,ACDC_025,0.9898,0.9784,-0.0114,下降,,,,,,,,,,,,,,,,,0.9926,0.9788,0.9804,0.9647,0.9962,0.9916
ACDC,psi6w3,wcases_psi6_cc.csv,ACDC_123,0.9891,0.9785,-0.0107,下降,,,,,,,,,,,,,,,,,0.9925,0.9806,0.9804,0.9649,0.9946,0.9900
ACDC,psi7w3,wcases_psi7_genus.csv,ACDC_068,0.9969,0.9794,-0.0175,下降,,,,,,,,,,,,,,,,,0.9961,0.9801,0.9965,0.9703,0.9981,0.9878
ACDC,psi7w3,wcases_psi7_genus.csv,ACDC_006,0.9930,0.9768,-0.0162,下降,,,,,,,,,,,,,,,,,0.9943,0.9779,0.9885,0.9649,0.9962,0.9875
ACDC,psi7w3,wcases_psi7_genus.csv,ACDC_030,0.9889,0.9739,-0.0151,下降,,,,,,,,,,,,,,,,,0.9877,0.9654,0.9907,0.9799,0.9885,0.9764
ACDC,psi7w3,wcases_psi7_genus.csv,ACDC_154,0.9868,0.9719,-0.0149,下降,,,,,,,,,,,,,,,,,0.9901,0.9778,0.9804,0.9591,0.9899,0.9788
ACDC,psi7w3,wcases_psi7_genus.csv,ACDC_048,0.9953,0.9806,-0.0146,下降,,,,,,,,,,,,,,,,,0.9919,0.9722,0.9984,0.9874,0.9956,0.9823
ACDC,psi7w3,wcases_psi7_genus.csv,ACDC_110,0.9938,0.9796,-0.0142,下降,,,,,,,,,,,,,,,,,0.9943,0.9820,0.9915,0.9710,0.9958,0.9859
ACDC,psi7w3,wcases_psi7_genus.csv,ACDC_142,0.9838,0.9701,-0.0137,下降,,,,,,,,,,,,,,,,,0.9878,0.9811,0.9756,0.9531,0.9879,0.9760
ACDC,psi7w3,wcases_psi7_genus.csv,ACDC_034,0.9862,0.9731,-0.0131,下降,,,,,,,,,,,,,,,,,0.9835,0.9663,0.9893,0.9775,0.9857,0.9754
ACDC,psi7w3,wcases_psi7_genus.csv,ACDC_036,0.9952,0.9820,-0.0131,下降,,,,,,,,,,,,,,,,,0.9946,0.9752,0.9959,0.9842,0.9949,0.9867
ACDC,psi7w3,wcases_psi7_genus.csv,ACDC_050,0.9882,0.9752,-0.0129,下降,,,,,,,,,,,,,,,,,0.9876,0.9714,0.9897,0.9782,0.9871,0.9761
ACDC,psi7w3,wcases_psi7_genus.csv,ACDC_056,0.9883,0.9782,-0.0102,下降,,,,,,,,,,,,,,,,,0.9885,0.9784,0.9908,0.9821,0.9857,0.9739
ACDC,psi7w3,wcases_psi7_genus.csv,ACDC_112,0.9957,0.9868,-0.0090,下降,,,,,,,,,,,,,,,,,0.9931,0.9828,0.9970,0.9852,0.9971,0.9923
ACDC,psi7w3,wcases_psi7_genus.csv,ACDC_082,0.9825,0.9745,-0.0080,下降,,,,,,,,,,,,,,,,,0.9848,0.9799,0.9717,0.9608,0.9909,0.9828
ACDC,psi7w3,wcases_psi7_genus.csv,ACDC_042,0.9837,0.9761,-0.0076,下降,,,,,,,,,,,,,,,,,0.9833,0.9738,0.9883,0.9805,0.9795,0.9741
ACDC,psi7w3,wcases_psi7_genus.csv,ACDC_052,0.9898,0.9828,-0.0070,下降,,,,,,,,,,,,,,,,,0.9839,0.9715,0.9910,0.9847,0.9945,0.9921
ACDC,psi7w3,wcases_psi7_genus.csv,ACDC_040,0.9835,0.9770,-0.0066,下降,,,,,,,,,,,,,,,,,0.9796,0.9708,0.9876,0.9798,0.9834,0.9803
ACDC,psi7w3,wcases_psi7_genus.csv,ACDC_026,0.9894,0.9830,-0.0064,下降,,,,,,,,,,,,,,,,,0.9854,0.9812,0.9872,0.9763,0.9957,0.9915
ACDC,psi7w3,wcases_psi7_genus.csv,ACDC_044,0.9860,0.9797,-0.0063,下降,,,,,,,,,,,,,,,,,0.9797,0.9731,0.9885,0.9818,0.9899,0.9842
ACDC,psi7w3,wcases_psi7_genus.csv,ACDC_090,0.9828,0.9771,-0.0057,下降,,,,,,,,,,,,,,,,,0.9845,0.9759,0.9778,0.9713,0.9859,0.9841
ACDC,psi7w3,wcases_psi7_genus.csv,ACDC_128,0.9832,0.9791,-0.0041,下降,,,,,,,,,,,,,,,,,0.9824,0.9768,0.9825,0.9795,0.9848,0.9811
BTCV,psi1w3,wcases_btcv_psi1_convex.csv,BTCV_004,0.5588,0.5093,-0.0495,下降,0.8540,0.8831,0.0000,0.0000,0.7664,0.6316,0.7164,0.6688,0.5916,0.5939,0.7048,0.5415,0.2565,0.1724,0.5804,0.5830,,,,,,
BTCV,psi1w3,wcases_btcv_psi1_convex.csv,BTCV_002,0.7831,0.7554,-0.0278,下降,0.9347,0.9406,0.8445,0.8465,0.6720,0.6121,0.7599,0.6829,0.9681,0.9686,0.4754,0.4891,0.8480,0.8552,0.7625,0.6483,,,,,,
BTCV,psi1w3,wcases_btcv_psi1_convex.csv,BTCV_008,0.8104,0.8109,0.0005,提升,0.9429,0.9407,0.0000,0.0000,0.9581,0.9649,0.9624,0.9613,0.9645,0.9714,0.8053,0.7888,0.9416,0.9715,0.9080,0.8885,,,,,,
BTCV,psi1w3,wcases_btcv_psi1_convex.csv,BTCV_005,0.8599,0.8675,0.0076,提升,0.9276,0.9246,0.6018,0.5899,0.9266,0.9407,0.9151,0.9312,0.9668,0.9656,0.7556,0.7567,0.9313,0.9254,0.8544,0.9059,,,,,,
BTCV,psi1w3,wcases_btcv_psi1_convex.csv,BTCV_001,0.8069,0.8558,0.0489,提升,0.9227,0.9217,0.8865,0.9105,0.6989,0.7825,0.4337,0.7181,0.9566,0.9580,0.7251,0.7249,0.9399,0.9383,0.8916,0.8922,,,,,,
BTCV,psi6w3,wcases_btcv_psi6_cc.csv,BTCV_003,0.7274,0.6682,-0.0591,下降,0.8596,0.8365,0.0000,0.0000,0.8890,0.8241,0.8888,0.6388,0.9364,0.8513,0.6773,0.6903,0.8511,0.7767,0.7166,0.7283,,,,,,
BTCV,psi6w3,wcases_btcv_psi6_cc.csv,BTCV_001,0.8069,0.7697,-0.0372,下降,0.9227,0.9021,0.8865,0.8620,0.6989,0.6695,0.4337,0.2849,0.9566,0.9528,0.7251,0.6373,0.9399,0.9456,0.8916,0.9031,,,,,,
BTCV,psi6w3,wcases_btcv_psi6_cc.csv,BTCV_016,0.8637,0.8282,-0.0355,下降,0.9051,0.9033,0.9246,0.9061,0.9564,0.8654,0.9555,0.9490,0.9687,0.9704,0.7210,0.6393,0.9330,0.9124,0.5451,0.4795,,,,,,
BTCV,psi6w3,wcases_btcv_psi6_cc.csv,BTCV_006,0.8530,0.8500,-0.0029,下降,0.9406,0.9315,0.8846,0.8797,0.9438,0.9254,0.9536,0.9097,0.9698,0.9696,0.4830,0.5408,0.7753,0.7980,0.8730,0.8455,,,,,,
BTCV,psi6w3,wcases_btcv_psi6_cc.csv,BTCV_004,0.5588,0.5705,0.0118,提升,0.8540,0.8705,0.0000,0.0015,0.7664,0.8157,0.7164,0.8004,0.5916,0.6026,0.7048,0.6356,0.2565,0.2673,0.5804,0.5709,,,,,,
BTCV,psi6w3,wcases_btcv_psi6_cc.csv,BTCV_007,0.6952,0.7454,0.0501,提升,0.8904,0.8847,0.0000,0.0000,0.6141,0.7710,0.7258,0.8803,0.8985,0.9345,0.7560,0.7393,0.8011,0.8927,0.8759,0.8605,,,,,,
BTCV,psi8w3,wcases_btcv_psi8_rotation.csv,BTCV_007,0.7946,0.7794,-0.0151,下降,0.8904,0.8789,,,0.6141,0.6293,0.7258,0.6951,0.8985,0.9104,0.7560,0.7563,0.8011,0.7583,0.8759,0.8277,,,,,,
BTCV,psi8w3,wcases_btcv_psi8_rotation.csv,BTCV_011,0.8865,0.8817,-0.0048,下降,0.9540,0.9567,0.6007,0.5686,0.9379,0.9319,0.9262,0.9187,0.9367,0.9514,0.8405,0.8283,0.9694,0.9715,0.9267,0.9266,,,,,,
BTCV,psi8w3,wcases_btcv_psi8_rotation.csv,BTCV_008,0.8104,0.8139,0.0036,提升,0.9429,0.9507,0.0000,0.0000,0.9581,0.9580,0.9624,0.9583,0.9645,0.9726,0.8053,0.8068,0.9416,0.9730,0.9080,0.8921,,,,,,
BTCV,psi8w3,wcases_btcv_psi8_rotation.csv,BTCV_004,0.5588,0.5686,0.0099,提升,0.8540,0.8950,0.0000,0.0000,0.7664,0.7813,0.7164,0.8197,0.5916,0.5943,0.7048,0.6518,0.2565,0.1789,0.5804,0.6281,,,,,,
BTCV,psi8w3,wcases_btcv_psi8_rotation.csv,BTCV_001,0.8069,0.8251,0.0182,提升,0.9227,0.9206,0.8865,0.8965,0.6989,0.6813,0.4337,0.6537,0.9566,0.9532,0.7251,0.7348,0.9399,0.9299,0.8916,0.8310,,,,,,
