expert,list_file,case,weighted,baseline_mean,expert_mean,delta,RV_baseline,RV_expert,Myo_baseline,Myo_expert,LV_baseline,LV_expert
psi1w3,wcases_psi1_convex.csv,ACDC_001,是,0.9969,0.9712,-0.0257,0.9964,0.9733,0.9955,0.9515,0.9988,0.9889
psi1w3,wcases_psi1_convex.csv,ACDC_002,是,0.9970,0.9710,-0.0260,0.9949,0.9664,0.9969,0.9594,0.9994,0.9872
psi1w3,wcases_psi1_convex.csv,ACDC_003,是,0.9883,0.9738,-0.0145,0.9889,0.9775,0.9800,0.9551,0.9958,0.9887
psi1w3,wcases_psi1_convex.csv,ACDC_004,是,0.9822,0.9633,-0.0189,0.9683,0.9412,0.9845,0.9619,0.9937,0.9867
psi1w3,wcases_psi1_convex.csv,ACDC_006,是,0.9930,0.9731,-0.0199,0.9943,0.9722,0.9885,0.9603,0.9962,0.9868
psi1w3,wcases_psi1_convex.csv,ACDC_007,是,0.9864,0.9592,-0.0273,0.9914,0.9624,0.9747,0.9331,0.9932,0.9819
psi1w3,wcases_psi1_convex.csv,ACDC_008,是,0.9873,0.9581,-0.0292,0.9896,0.9639,0.9783,0.9293,0.9941,0.9812
psi1w3,wcases_psi1_convex.csv,ACDC_013,是,0.9875,0.9703,-0.0171,0.9866,0.9682,0.9816,0.9561,0.9942,0.9867
psi1w3,wcases_psi1_convex.csv,ACDC_014,是,0.9861,0.9711,-0.0151,0.9836,0.9623,0.9823,0.9628,0.9926,0.9881
psi1w3,wcases_psi1_convex.csv,ACDC_018,是,0.9829,0.9653,-0.0176,0.9861,0.9680,0.9719,0.9445,0.9908,0.9834
psi1w3,wcases_psi1_convex.csv,ACDC_019,是,0.9877,0.9742,-0.0135,0.9882,0.9723,0.9813,0.9619,0.9937,0.9884
psi1w3,wcases_psi1_convex.csv,ACDC_020,是,0.9884,0.9720,-0.0164,0.9853,0.9648,0.9871,0.9664,0.9929,0.9849
psi1w3,wcases_psi1_convex.csv,ACDC_025,是,0.9898,0.9818,-0.0080,0.9926,0.9831,0.9804,0.9693,0.9962,0.9929
psi1w3,wcases_psi1_convex.csv,ACDC_026,是,0.9894,0.9811,-0.0083,0.9854,0.9778,0.9872,0.9742,0.9957,0.9914
psi1w3,wcases_psi1_convex.csv,ACDC_030,是,0.9889,0.9671,-0.0218,0.9877,0.9557,0.9907,0.9747,0.9885,0.9710
psi1w3,wcases_psi1_convex.csv,ACDC_032,是,0.9889,0.9789,-0.0100,0.9893,0.9792,0.9876,0.9768,0.9898,0.9808
psi1w3,wcases_psi1_convex.csv,ACDC_034,是,0.9862,0.9710,-0.0152,0.9835,0.9647,0.9893,0.9770,0.9857,0.9714
psi1w3,wcases_psi1_convex.csv,ACDC_040,是,0.9835,0.9734,-0.0101,0.9796,0.9652,0.9876,0.9773,0.9834,0.9778
psi1w3,wcases_psi1_convex.csv,ACDC_047,是,0.9967,0.9765,-0.0201,0.9966,0.9745,0.9962,0.9732,0.9972,0.9819
psi1w3,wcases_psi1_convex.csv,ACDC_048,是,0.9953,0.9742,-0.0211,0.9919,0.9628,0.9984,0.9847,0.9956,0.9751
psi1w3,wcases_psi1_convex.csv,ACDC_058,是,0.9883,0.9737,-0.0146,0.9876,0.9633,0.9905,0.9784,0.9868,0.9794
psi1w3,wcases_psi1_convex.csv,ACDC_059,是,0.9948,0.9763,-0.0185,0.9954,0.9809,0.9908,0.9616,0.9982,0.9865
psi1w3,wcases_psi1_convex.csv,ACDC_060,是,0.9929,0.9742,-0.0186,0.9910,0.9697,0.9912,0.9690,0.9964,0.9840
psi1w3,wcases_psi1_convex.csv,ACDC_064,是,0.9888,0.9690,-0.0198,0.9879,0.9689,0.9837,0.9553,0.9947,0.9826
psi1w3,wcases_psi1_convex.csv,ACDC_066,是,0.9805,0.9688,-0.0116,0.9739,0.9573,0.9803,0.9690,0.9871,0.9802
psi1w3,wcases_psi1_convex.csv,ACDC_068,是,0.9969,0.9762,-0.0207,0.9961,0.9740,0.9965,0.9669,0.9981,0.9877
psi1w3,wcases_psi1_convex.csv,ACDC_070,是,0.9958,0.9771,-0.0187,0.9954,0.9731,0.9949,0.9728,0.9972,0.9854
psi1w3,wcases_psi1_convex.csv,ACDC_074,是,0.9978,0.9782,-0.0195,0.9976,0.9771,0.9967,0.9705,0.9990,0.9871
psi1w3,wcases_psi1_convex.csv,ACDC_075,是,0.9842,0.9703,-0.0140,0.9854,0.9675,0.9752,0.9571,0.9920,0.9862
psi1w3,wcases_psi1_convex.csv,ACDC_076,是,0.9768,0.9653,-0.0115,0.9603,0.9465,0.9792,0.9636,0.9908,0.9857
psi1w3,wcases_psi1_convex.csv,ACDC_077,是,0.9821,0.9660,-0.0162,0.9864,0.9702,0.9665,0.9408,0.9934,0.9868
psi1w3,wcases_psi1_convex.csv,ACDC_078,是,0.9834,0.9651,-0.0183,0.9783,0.9551,0.9783,0.9539,0.9937,0.9862
psi1w3,wcases_psi1_convex.csv,ACDC_083,是,0.9855,0.9753,-0.0101,0.9859,0.9716,0.9774,0.9649,0.9931,0.9895
psi1w3,wcases_psi1_convex.csv,ACDC_084,是,0.9861,0.9747,-0.0113,0.9831,0.9698,0.9828,0.9689,0.9923,0.9855
psi1w3,wcases_psi1_convex.csv,ACDC_085,是,0.9830,0.9692,-0.0138,0.9852,0.9700,0.9718,0.9504,0.9921,0.9873
psi1w3,wcases_psi1_convex.csv,ACDC_086,是,0.9790,0.9643,-0.0147,0.9690,0.9490,0.9775,0.9579,0.9906,0.9859
psi1w3,wcases_psi1_convex.csv,ACDC_092,是,0.9843,0.9727,-0.0116,0.9778,0.9656,0.9821,0.9669,0.9931,0.9856
psi1w3,wcases_psi1_convex.csv,ACDC_094,是,0.9848,0.9747,-0.0101,0.9806,0.9615,0.9839,0.9768,0.9898,0.9857
psi1w3,wcases_psi1_convex.csv,ACDC_095,是,0.9983,0.9821,-0.0162,0.9987,0.9827,0.9965,0.9699,0.9996,0.9937
psi1w3,wcases_psi1_convex.csv,ACDC_096,是,0.9970,0.9794,-0.0177,0.9963,0.9730,0.9960,0.9729,0.9988,0.9923
psi1w3,wcases_psi1_convex.csv,ACDC_109,是,0.9937,0.9749,-0.0188,0.9962,0.9810,0.9869,0.9534,0.9981,0.9903
psi1w3,wcases_psi1_convex.csv,ACDC_110,是,0.9938,0.9770,-0.0168,0.9943,0.9773,0.9915,0.9682,0.9958,0.9856
psi1w3,wcases_psi1_convex.csv,ACDC_112,是,0.9957,0.9820,-0.0137,0.9931,0.9760,0.9970,0.9815,0.9971,0.9886
psi1w3,wcases_psi1_convex.csv,ACDC_114,是,0.9974,0.9773,-0.0201,0.9964,0.9700,0.9967,0.9738,0.9992,0.9882
psi1w3,wcases_psi1_convex.csv,ACDC_118,是,0.9889,0.9745,-0.0144,0.9879,0.9694,0.9876,0.9743,0.9912,0.9798
psi1w3,wcases_psi1_convex.csv,ACDC_125,是,0.9900,0.9861,-0.0038,0.9921,0.9880,0.9832,0.9775,0.9946,0.9928
psi1w3,wcases_psi1_convex.csv,ACDC_126,是,0.9872,0.9791,-0.0080,0.9870,0.9738,0.9880,0.9807,0.9865,0.9829
psi1w3,wcases_psi1_convex.csv,ACDC_131,是,0.9781,0.9616,-0.0165,0.9863,0.9704,0.9572,0.9299,0.9907,0.9844
psi1w3,wcases_psi1_convex.csv,ACDC_005,否,0.9928,0.9616,-0.0312,0.9946,0.9644,0.9875,0.9387,0.9963,0.9818
psi1w3,wcases_psi1_convex.csv,ACDC_009,否,0.9874,0.9623,-0.0251,0.9916,0.9711,0.9764,0.9331,0.9942,0.9827
psi1w3,wcases_psi1_convex.csv,ACDC_010,否,0.9877,0.9626,-0.0251,0.9915,0.9693,0.9774,0.9368,0.9942,0.9816
psi1w3,wcases_psi1_convex.csv,ACDC_011,否,0.9945,0.9608,-0.0337,0.9966,0.9709,0.9894,0.9297,0.9975,0.9816
psi1w3,wcases_psi1_convex.csv,ACDC_012,否,0.9923,0.9558,-0.0365,0.9924,0.9516,0.9888,0.9380,0.9956,0.9777
psi1w3,wcases_psi1_convex.csv,ACDC_015,否,0.9967,0.9653,-0.0314,0.9973,0.9751,0.9940,0.9365,0.9988,0.9843
psi1w3,wcases_psi1_convex.csv,ACDC_016,否,0.9976,0.9656,-0.0319,0.9980,0.9716,0.9957,0.9404,0.9990,0.9850
psi1w3,wcases_psi1_convex.csv,ACDC_017,否,0.9841,0.9575,-0.0266,0.9874,0.9641,0.9714,0.9279,0.9934,0.9806
psi1w3,wcases_psi1_convex.csv,ACDC_021,否,0.9868,0.9617,-0.0251,0.9903,0.9676,0.9745,0.9307,0.9956,0.9866
psi1w3,wcases_psi1_convex.csv,ACDC_022,否,0.9878,0.9645,-0.0233,0.9902,0.9707,0.9786,0.9362,0.9947,0.9866
psi1w3,wcases_psi1_convex.csv,ACDC_023,否,0.9968,0.9614,-0.0353,0.9982,0.9794,0.9928,0.9191,0.9993,0.9859
psi1w3,wcases_psi1_convex.csv,ACDC_024,否,0.9970,0.9660,-0.0311,0.9980,0.9746,0.9942,0.9370,0.9989,0.9863
psi1w3,wcases_psi1_convex.csv,ACDC_027,否,0.9895,0.9684,-0.0211,0.9923,0.9799,0.9801,0.9405,0.9961,0.9847
psi1w3,wcases_psi1_convex.csv,ACDC_028,否,0.9880,0.9712,-0.0168,0.9904,0.9775,0.9800,0.9509,0.9937,0.9852
psi1w3,wcases_psi1_convex.csv,ACDC_029,否,0.9891,0.9591,-0.0301,0.9901,0.9589,0.9842,0.9455,0.9931,0.9728
psi1w3,wcases_psi1_convex.csv,ACDC_031,否,0.9850,0.9662,-0.0188,0.9883,0.9652,0.9763,0.9509,0.9904,0.9826
psi1w3,wcases_psi1_convex.csv,ACDC_033,否,0.9883,0.9627,-0.0256,0.9888,0.9607,0.9864,0.9535,0.9896,0.9738
psi1w3,wcases_psi1_convex.csv,ACDC_035,否,0.9946,0.9626,-0.0320,0.9928,0.9628,0.9943,0.9494,0.9969,0.9756
psi1w3,wcases_psi1_convex.csv,ACDC_036,否,0.9952,0.9699,-0.0252,0.9946,0.9563,0.9959,0.9768,0.9949,0.9767
psi1w3,wcases_psi1_convex.csv,ACDC_037,否,0.9875,0.9677,-0.0198,0.9880,0.9736,0.9818,0.9491,0.9927,0.9803
psi1w3,wcases_psi1_convex.csv,ACDC_038,否,0.9835,0.9624,-0.0211,0.9813,0.9572,0.9863,0.9638,0.9828,0.9662
psi1w3,wcases_psi1_convex.csv,ACDC_039,否,0.9873,0.9629,-0.0244,0.9876,0.9569,0.9849,0.9562,0.9893,0.9755
psi1w3,wcases_psi1_convex.csv,ACDC_041,否,0.9858,0.9621,-0.0238,0.9867,0.9595,0.9819,0.9516,0.9889,0.9751
psi1w3,wcases_psi1_convex.csv,ACDC_042,否,0.9837,0.9638,-0.0199,0.9833,0.9570,0.9883,0.9697,0.9795,0.9647
psi1w3,wcases_psi1_convex.csv,ACDC_043,否,0.9881,0.9632,-0.0249,0.9901,0.9651,0.9808,0.9444,0.9935,0.9801
psi1w3,wcases_psi1_convex.csv,ACDC_044,否,0.9860,0.9694,-0.0166,0.9797,0.9575,0.9885,0.9752,0.9899,0.9756
psi1w3,wcases_psi1_convex.csv,ACDC_045,否,0.9978,0.9701,-0.0278,0.9985,0.9722,0.9965,0.9535,0.9985,0.9844
psi1w3,wcases_psi1_convex.csv,ACDC_046,否,0.9967,0.9670,-0.0297,0.9954,0.9516,0.9977,0.9704,0.9970,0.9790
psi1w3,wcases_psi1_convex.csv,ACDC_049,否,0.9892,0.9627,-0.0266,0.9920,0.9702,0.9819,0.9401,0.9939,0.9777
psi1w3,wcases_psi1_convex.csv,ACDC_050,否,0.9882,0.9619,-0.0263,0.9876,0.9537,0.9897,0.9658,0.9871,0.9660
psi1w3,wcases_psi1_convex.csv,ACDC_051,否,0.9894,0.9553,-0.0341,0.9921,0.9533,0.9847,0.9425,0.9913,0.9701
psi1w3,wcases_psi1_convex.csv,ACDC_052,否,0.9898,0.9602,-0.0295,0.9839,0.9471,0.9910,0.9678,0.9945,0.9657
psi1w3,wcases_psi1_convex.csv,ACDC_053,否,0.9809,0.9657,-0.0152,0.9830,0.9632,0.9718,0.9497,0.9878,0.9840
psi1w3,wcases_psi1_convex.csv,ACDC_054,否,0.9811,0.9631,-0.0180,0.9817,0.9574,0.9804,0.9598,0.9813,0.9720
psi1w3,wcases_psi1_convex.csv,ACDC_055,否,0.9894,0.9662,-0.0232,0.9911,0.9691,0.9827,0.9498,0.9945,0.9798
psi1w3,wcases_psi1_convex.csv,ACDC_056,否,0.9883,0.9673,-0.0210,0.9885,0.9660,0.9908,0.9741,0.9857,0.9618
psi1w3,wcases_psi1_convex.csv,ACDC_057,否,0.9900,0.9683,-0.0217,0.9921,0.9634,0.9873,0.9615,0.9907,0.9800
psi1w3,wcases_psi1_convex.csv,ACDC_061,否,0.9853,0.9602,-0.0251,0.9907,0.9694,0.9726,0.9285,0.9925,0.9825
psi1w3,wcases_psi1_convex.csv,ACDC_062,否,0.9873,0.9610,-0.0263,0.9896,0.9674,0.9809,0.9401,0.9914,0.9756
psi1w3,wcases_psi1_convex.csv,ACDC_063,否,0.9894,0.9525,-0.0369,0.9938,0.9691,0.9792,0.9105,0.9952,0.9780
psi1w3,wcases_psi1_convex.csv,ACDC_065,否,0.9840,0.9600,-0.0240,0.9874,0.9573,0.9744,0.9419,0.9903,0.9808
psi1w3,wcases_psi1_convex.csv,ACDC_067,否,0.9980,0.9646,-0.0334,0.9990,0.9740,0.9960,0.9346,0.9990,0.9852
psi1w3,wcases_psi1_convex.csv,ACDC_069,否,0.9957,0.9597,-0.0360,0.9967,0.9638,0.9924,0.9361,0.9980,0.9793
psi1w3,wcases_psi1_convex.csv,ACDC_071,否,0.9876,0.9617,-0.0259,0.9900,0.9683,0.9786,0.9357,0.9944,0.9812
psi1w3,wcases_psi1_convex.csv,ACDC_072,否,0.9882,0.9571,-0.0311,0.9884,0.9529,0.9832,0.9403,0.9930,0.9780
psi1w3,wcases_psi1_convex.csv,ACDC_073,否,0.9967,0.9618,-0.0349,0.9976,0.9587,0.9945,0.9441,0.9980,0.9825
psi1w3,wcases_psi1_convex.csv,ACDC_079,否,0.9836,0.9598,-0.0238,0.9885,0.9687,0.9689,0.9300,0.9935,0.9807
psi1w3,wcases_psi1_convex.csv,ACDC_080,否,0.9872,0.9572,-0.0300,0.9865,0.9621,0.9814,0.9379,0.9938,0.9717
psi1w3,wcases_psi1_convex.csv,ACDC_081,否,0.9835,0.9608,-0.0226,0.9898,0.9739,0.9689,0.9274,0.9917,0.9812
psi1w3,wcases_psi1_convex.csv,ACDC_082,否,0.9825,0.9642,-0.0183,0.9848,0.9676,0.9717,0.9457,0.9909,0.9793
psi1w3,wcases_psi1_convex.csv,ACDC_087,否,0.9857,0.9681,-0.0176,0.9905,0.9733,0.9739,0.9441,0.9928,0.9869
psi1w3,wcases_psi1_convex.csv,ACDC_088,否,0.9859,0.9678,-0.0182,0.9853,0.9677,0.9807,0.9569,0.9917,0.9787
psi1w3,wcases_psi1_convex.csv,ACDC_089,否,0.9832,0.9664,-0.0168,0.9858,0.9579,0.9749,0.9580,0.9889,0.9833
psi1w3,wcases_psi1_convex.csv,ACDC_090,否,0.9828,0.9650,-0.0178,0.9845,0.9583,0.9778,0.9583,0.9859,0.9783
psi1w3,wcases_psi1_convex.csv,ACDC_091,否,0.9882,0.9705,-0.0177,0.9876,0.9723,0.9808,0.9517,0.9962,0.9874
psi1w3,wcases_psi1_convex.csv,ACDC_093,否,0.9889,0.9769,-0.0121,0.9920,0.9794,0.9809,0.9639,0.9939,0.9873
psi1w3,wcases_psi1_convex.csv,ACDC_097,否,0.9881,0.9674,-0.0207,0.9921,0.9789,0.9795,0.9401,0.9927,0.9833
psi1w3,wcases_psi1_convex.csv,ACDC_098,否,0.9887,0.9670,-0.0218,0.9892,0.9602,0.9856,0.9634,0.9915,0.9774
psi1w3,wcases_psi1_convex.csv,ACDC_099,否,0.9868,0.9636,-0.0232,0.9908,0.9726,0.9761,0.9357,0.9935,0.9826
psi1w3,wcases_psi1_convex.csv,ACDC_100,否,0.9864,0.9603,-0.0261,0.9864,0.9594,0.9841,0.9553,0.9886,0.9662
psi1w3,wcases_psi1_convex.csv,ACDC_101,否,0.9844,0.9539,-0.0305,0.9894,0.9628,0.9721,0.9244,0.9918,0.9744
psi1w3,wcases_psi1_convex.csv,ACDC_102,否,0.9860,0.9666,-0.0194,0.9884,0.9643,0.9853,0.9633,0.9842,0.9722
psi1w3,wcases_psi1_convex.csv,ACDC_103,否,0.9869,0.9686,-0.0184,0.9899,0.9750,0.9795,0.9495,0.9914,0.9811
psi1w3,wcases_psi1_convex.csv,ACDC_104,否,0.9879,0.9654,-0.0224,0.9894,0.9627,0.9854,0.9624,0.9888,0.9713
psi1w3,wcases_psi1_convex.csv,ACDC_105,否,0.9873,0.9653,-0.0220,0.9924,0.9763,0.9780,0.9375,0.9916,0.9821
psi1w3,wcases_psi1_convex.csv,ACDC_106,否,0.9876,0.9671,-0.0205,0.9882,0.9629,0.9862,0.9630,0.9883,0.9754
psi1w3,wcases_psi1_convex.csv,ACDC_107,否,0.9854,0.9607,-0.0247,0.9891,0.9753,0.9740,0.9288,0.9931,0.9779
psi1w3,wcases_psi1_convex.csv,ACDC_108,否,0.9840,0.9622,-0.0218,0.9871,0.9654,0.9783,0.9514,0.9865,0.9697
psi1w3,wcases_psi1_convex.csv,ACDC_111,否,0.9970,0.9718,-0.0252,0.9982,0.9794,0.9953,0.9493,0.9977,0.9867
psi1w3,wcases_psi1_convex.csv,ACDC_113,否,0.9959,0.9682,-0.0277,0.9971,0.9743,0.9927,0.9448,0.9979,0.9856
psi1w3,wcases_psi1_convex.csv,ACDC_115,否,0.9980,0.9716,-0.0264,0.9984,0.9774,0.9964,0.9534,0.9992,0.9841
psi1w3,wcases_psi1_convex.csv,ACDC_116,否,0.9969,0.9712,-0.0257,0.9976,0.9705,0.9960,0.9665,0.9970,0.9765
psi1w3,wcases_psi1_convex.csv,ACDC_117,否,0.9868,0.9632,-0.0235,0.9897,0.9717,0.9769,0.9373,0.9937,0.9807
psi1w3,wcases_psi1_convex.csv,ACDC_119,否,0.9953,0.9678,-0.0275,0.9972,0.9723,0.9913,0.9476,0.9973,0.9835
psi1w3,wcases_psi1_convex.csv,ACDC_120,否,0.9958,0.9661,-0.0297,0.9969,0.9660,0.9947,0.9540,0.9959,0.9783
psi1w3,wcases_psi1_convex.csv,ACDC_121,否,0.9904,0.9633,-0.0271,0.9938,0.9754,0.9828,0.9363,0.9947,0.9783
psi1w3,wcases_psi1_convex.csv,ACDC_122,否,0.9889,0.9643,-0.0246,0.9888,0.9633,0.9868,0.9596,0.9911,0.9700
psi1w3,wcases_psi1_convex.csv,ACDC_123,否,0.9891,0.9782,-0.0109,0.9925,0.9799,0.9804,0.9645,0.9946,0.9903
psi1w3,wcases_psi1_convex.csv,ACDC_124,否,0.9868,0.9751,-0.0117,0.9882,0.9744,0.9855,0.9727,0.9866,0.9782
psi1w3,wcases_psi1_convex.csv,ACDC_127,否,0.9847,0.9751,-0.0096,0.9879,0.9718,0.9755,0.9665,0.9908,0.9871
psi1w3,wcases_psi1_convex.csv,ACDC_128,否,0.9832,0.9728,-0.0104,0.9824,0.9672,0.9825,0.9729,0.9848,0.9783
psi1w3,wcases_psi1_convex.csv,ACDC_129,否,0.9891,0.9754,-0.0137,0.9932,0.9855,0.9811,0.9556,0.9931,0.9850
psi1w3,wcases_psi1_convex.csv,ACDC_130,否,0.9885,0.9792,-0.0093,0.9877,0.9728,0.9876,0.9781,0.9901,0.9868
psi1w3,wcases_psi1_convex.csv,ACDC_132,否,0.9828,0.9604,-0.0223,0.9844,0.9655,0.9739,0.9428,0.9900,0.9730
psi1w3,wcases_psi1_convex.csv,ACDC_133,否,0.9975,0.9644,-0.0331,0.9988,0.9715,0.9961,0.9487,0.9975,0.9731
psi1w3,wcases_psi1_convex.csv,ACDC_134,否,0.9969,0.9763,-0.0206,0.9985,0.9793,0.9972,0.9698,0.9951,0.9798
psi1w3,wcases_psi1_convex.csv,ACDC_135,否,0.9827,0.9589,-0.0238,0.9913,0.9749,0.9650,0.9209,0.9918,0.9808
psi1w3,wcases_psi1_convex.csv,ACDC_136,否,0.9818,0.9616,-0.0202,0.9876,0.9683,0.9760,0.9502,0.9818,0.9664
psi1w3,wcases_psi1_convex.csv,ACDC_137,否,0.9833,0.9616,-0.0217,0.9917,0.9736,0.9674,0.9291,0.9909,0.9822
psi1w3,wcases_psi1_convex.csv,ACDC_138,否,0.9808,0.9619,-0.0189,0.9893,0.9711,0.9746,0.9504,0.9785,0.9642
psi1w3,wcases_psi1_convex.csv,ACDC_139,否,0.9981,0.9712,-0.0269,0.9994,0.9819,0.9964,0.9465,0.9987,0.9852
psi1w3,wcases_psi1_convex.csv,ACDC_140,否,0.9976,0.9709,-0.0268,0.9986,0.9792,0.9969,0.9637,0.9973,0.9697
psi1w3,wcases_psi1_convex.csv,ACDC_141,否,0.9837,0.9565,-0.0272,0.9894,0.9690,0.9696,0.9222,0.9922,0.9785
psi1w3,wcases_psi1_convex.csv,ACDC_142,否,0.9838,0.9553,-0.0285,0.9878,0.9685,0.9756,0.9315,0.9879,0.9657
psi1w3,wcases_psi1_convex.csv,ACDC_143,否,0.9917,0.9658,-0.0259,0.9964,0.9778,0.9838,0.9383,0.9949,0.9813
psi1w3,wcases_psi1_convex.csv,ACDC_144,否,0.9927,0.9675,-0.0252,0.9956,0.9748,0.9882,0.9486,0.9944,0.9790
psi1w3,wcases_psi1_convex.csv,ACDC_145,否,0.9959,0.9381,-0.0578,0.9988,0.9521,0.9911,0.8868,0.9978,0.9753
psi1w3,wcases_psi1_convex.csv,ACDC_146,否,0.9978,0.9587,-0.0390,0.9985,0.9647,0.9961,0.9368,0.9987,0.9747
psi1w3,wcases_psi1_convex.csv,ACDC_147,否,0.9867,0.9667,-0.0199,0.9915,0.9792,0.9744,0.9373,0.9940,0.9837
psi1w3,wcases_psi1_convex.csv,ACDC_148,否,0.9898,0.9697,-0.0201,0.9923,0.9740,0.9866,0.9594,0.9905,0.9756
psi1w3,wcases_psi1_convex.csv,ACDC_149,否,0.9962,0.9624,-0.0338,0.9984,0.9835,0.9915,0.9195,0.9987,0.9841
psi1w3,wcases_psi1_convex.csv,ACDC_150,否,0.9972,0.9688,-0.0284,0.9973,0.9716,0.9962,0.9545,0.9983,0.9804
psi1w3,wcases_psi1_convex.csv,ACDC_151,否,0.9860,0.9636,-0.0224,0.9916,0.9700,0.9736,0.9364,0.9928,0.9844
psi1w3,wcases_psi1_convex.csv,ACDC_152,否,0.9839,0.9584,-0.0255,0.9877,0.9626,0.9720,0.9405,0.9920,0.9722
psi1w3,wcases_psi1_convex.csv,ACDC_153,否,0.9857,0.9645,-0.0212,0.9909,0.9797,0.9731,0.9313,0.9932,0.9825
psi1w3,wcases_psi1_convex.csv,ACDC_154,否,0.9868,0.9648,-0.0220,0.9901,0.9753,0.9804,0.9467,0.9899,0.9724
psi1w3,wcases_psi1_convex.csv,ACDC_155,否,0.9876,0.9673,-0.0203,0.9921,0.9768,0.9774,0.9409,0.9933,0.9841
psi1w3,wcases_psi1_convex.csv,ACDC_156,否,0.9853,0.9674,-0.0180,0.9908,0.9700,0.9820,0.9597,0.9832,0.9723
psi1w3,wcases_psi1_convex.csv,ACDC_157,否,0.9912,0.9729,-0.0183,0.9949,0.9765,0.9831,0.9553,0.9956,0.9868
psi1w3,wcases_psi1_convex.csv,ACDC_158,否,0.9926,0.9718,-0.0208,0.9928,0.9650,0.9894,0.9652,0.9956,0.9851
psi1w3,wcases_psi1_convex.csv,ACDC_159,否,0.9885,0.9737,-0.0148,0.9932,0.9760,0.9793,0.9600,0.9929,0.9850
psi1w3,wcases_psi1_convex.csv,ACDC_160,否,0.9892,0.9778,-0.0114,0.9914,0.9821,0.9870,0.9721,0.9891,0.9792
psi6w3,wcases_psi6_cc.csv,ACDC_001,是,0.9969,0.9591,-0.0379,0.9964,0.9618,0.9955,0.9306,0.9988,0.9847
psi6w3,wcases_psi6_cc.csv,ACDC_003,是,0.9883,0.9633,-0.0250,0.9889,0.9702,0.9800,0.9373,0.9958,0.9823
psi6w3,wcases_psi6_cc.csv,ACDC_004,是,0.9822,0.9468,-0.0353,0.9683,0.9208,0.9845,0.9415,0.9937,0.9782
psi6w3,wcases_psi6_cc.csv,ACDC_005,是,0.9928,0.9637,-0.0291,0.9946,0.9649,0.9875,0.9428,0.9963,0.9834
psi6w3,wcases_psi6_cc.csv,ACDC_006,是,0.9930,0.9651,-0.0279,0.9943,0.9667,0.9885,0.9459,0.9962,0.9827
psi6w3,wcases_psi6_cc.csv,ACDC_016,是,0.9976,0.9669,-0.0306,0.9980,0.9727,0.9957,0.9428,0.9990,0.9853
psi6w3,wcases_psi6_cc.csv,ACDC_021,是,0.9868,0.9628,-0.0240,0.9903,0.9685,0.9745,0.9328,0.9956,0.9870
psi6w3,wcases_psi6_cc.csv,ACDC_022,是,0.9878,0.9651,-0.0228,0.9902,0.9691,0.9786,0.9392,0.9947,0.9869
psi6w3,wcases_psi6_cc.csv,ACDC_025,是,0.9898,0.9784,-0.0114,0.9926,0.9788,0.9804,0.9647,0.9962,0.9916
psi6w3,wcases_psi6_cc.csv,ACDC_045,是,0.9978,0.9707,-0.0271,0.9985,0.9755,0.9965,0.9535,0.9985,0.9832
psi6w3,wcases_psi6_cc.csv,ACDC_046,是,0.9967,0.9666,-0.0301,0.9954,0.9494,0.9977,0.9714,0.9970,0.9788
psi6w3,wcases_psi6_cc.csv,ACDC_048,是,0.9953,0.9605,-0.0347,0.9919,0.9353,0.9984,0.9791,0.9956,0.9672
psi6w3,wcases_psi6_cc.csv,ACDC_058,是,0.9883,0.9679,-0.0204,0.9876,0.9524,0.9905,0.9739,0.9868,0.9773
psi6w3,wcases_psi6_cc.csv,ACDC_059,是,0.9948,0.9659,-0.0289,0.9954,0.9715,0.9908,0.9460,0.9982,0.9802
psi6w3,wcases_psi6_cc.csv,ACDC_065,是,0.9840,0.9614,-0.0226,0.9874,0.9623,0.9744,0.9417,0.9903,0.9803
psi6w3,wcases_psi6_cc.csv,ACDC_066,是,0.9805,0.9607,-0.0198,0.9739,0.9422,0.9803,0.9636,0.9871,0.9761
psi6w3,wcases_psi6_cc.csv,ACDC_069,是,0.9957,0.9624,-0.0333,0.9967,0.9665,0.9924,0.9403,0.9980,0.9803
psi6w3,wcases_psi6_cc.csv,ACDC_071,是,0.9876,0.9609,-0.0267,0.9900,0.9671,0.9786,0.9347,0.9944,0.9810
psi6w3,wcases_psi6_cc.csv,ACDC_072,是,0.9882,0.9619,-0.0263,0.9884,0.9606,0.9832,0.9451,0.9930,0.9799
psi6w3,wcases_psi6_cc.csv,ACDC_074,是,0.9978,0.9671,-0.0307,0.9976,0.9647,0.9967,0.9555,0.9990,0.9810
psi6w3,wcases_psi6_cc.csv,ACDC_075,是,0.9842,0.9587,-0.0255,0.9854,0.9476,0.9752,0.9450,0.9920,0.9837
psi6w3,wcases_psi6_cc.csv,ACDC_076,是,0.9768,0.9569,-0.0199,0.9603,0.9353,0.9792,0.9532,0.9908,0.9821
psi6w3,wcases_psi6_cc.csv,ACDC_077,是,0.9821,0.9576,-0.0245,0.9864,0.9632,0.9665,0.9249,0.9934,0.9847
psi6w3,wcases_psi6_cc.csv,ACDC_079,是,0.9836,0.9620,-0.0216,0.9885,0.9716,0.9689,0.9330,0.9935,0.9813
psi6w3,wcases_psi6_cc.csv,ACDC_080,是,0.9872,0.9605,-0.0268,0.9865,0.9613,0.9814,0.9464,0.9938,0.9737
psi6w3,wcases_psi6_cc.csv,ACDC_081,是,0.9835,0.9601,-0.0233,0.9898,0.9746,0.9689,0.9247,0.9917,0.9810
psi6w3,wcases_psi6_cc.csv,ACDC_082,是,0.9825,0.9633,-0.0192,0.9848,0.9666,0.9717,0.9459,0.9909,0.9774
psi6w3,wcases_psi6_cc.csv,ACDC_086,是,0.9790,0.9611,-0.0179,0.9690,0.9485,0.9775,0.9512,0.9906,0.9836
psi6w3,wcases_psi6_cc.csv,ACDC_087,是,0.9857,0.9679,-0.0178,0.9905,0.9728,0.9739,0.9440,0.9928,0.9869
psi6w3,wcases_psi6_cc.csv,ACDC_091,是,0.9882,0.9717,-0.0165,0.9876,0.9727,0.9808,0.9534,0.9962,0.9888
psi6w3,wcases_psi6_cc.csv,ACDC_094,是,0.9848,0.9712,-0.0136,0.9806,0.9607,0.9839,0.9697,0.9898,0.9833
psi6w3,wcases_psi6_cc.csv,ACDC_096,是,0.9970,0.9698,-0.0272,0.9963,0.9593,0.9960,0.9619,0.9988,0.9884
psi6w3,wcases_psi6_cc.csv,ACDC_097,是,0.9881,0.9665,-0.0216,0.9921,0.9781,0.9795,0.9386,0.9927,0.9829
psi6w3,wcases_psi6_cc.csv,ACDC_101,是,0.9844,0.9590,-0.0255,0.9894,0.9683,0.9721,0.9321,0.9918,0.9764
psi6w3,wcases_psi6_cc.csv,ACDC_104,是,0.9879,0.9646,-0.0233,0.9894,0.9627,0.9854,0.9605,0.9888,0.9706
psi6w3,wcases_psi6_cc.csv,ACDC_105,是,0.9873,0.9655,-0.0219,0.9924,0.9760,0.9780,0.9371,0.9916,0.9833
psi6w3,wcases_psi6_cc.csv,ACDC_112,是,0.9957,0.9708,-0.0249,0.9931,0.9586,0.9970,0.9694,0.9971,0.9845
psi6w3,wcases_psi6_cc.csv,ACDC_113,是,0.9959,0.9658,-0.0301,0.9971,0.9742,0.9927,0.9403,0.9979,0.9831
psi6w3,wcases_psi6_cc.csv,ACDC_117,是,0.9868,0.9632,-0.0236,0.9897,0.9734,0.9769,0.9366,0.9937,0.9796
psi6w3,wcases_psi6_cc.csv,ACDC_119,是,0.9953,0.9671,-0.0282,0.9972,0.9720,0.9913,0.9451,0.9973,0.9841
psi6w3,wcases_psi6_cc.csv,ACDC_123,是,0.9891,0.9785,-0.0107,0.9925,0.9806,0.9804,0.9649,0.9946,0.9900
psi6w3,wcases_psi6_cc.csv,ACDC_129,是,0.9891,0.9743,-0.0148,0.9932,0.9859,0.9811,0.9536,0.9931,0.9834
psi6w3,wcases_psi6_cc.csv,ACDC_138,是,0.9808,0.9612,-0.0196,0.9893,0.9730,0.9746,0.9497,0.9785,0.9608
psi6w3,wcases_psi6_cc.csv,ACDC_142,是,0.9838,0.9582,-0.0255,0.9878,0.9693,0.9756,0.9366,0.9879,0.9689
psi6w3,wcases_psi6_cc.csv,ACDC_145,是,0.9959,0.9388,-0.0571,0.9988,0.9556,0.9911,0.8856,0.9978,0.9751
psi6w3,wcases_psi6_cc.csv,ACDC_154,是,0.9868,0.9634,-0.0234,0.9901,0.9746,0.9804,0.9456,0.9899,0.9699
psi6w3,wcases_psi6_cc.csv,ACDC_002,否,0.9970,0.9394,-0.0577,0.9949,0.9189,0.9969,0.9234,0.9994,0.9758
psi6w3,wcases_psi6_cc.csv,ACDC_007,否,0.9864,0.9400,-0.0465,0.9914,0.9487,0.9747,0.8954,0.9932,0.9758
psi6w3,wcases_psi6_cc.csv,ACDC_008,否,0.9873,0.9375,-0.0498,0.9896,0.9401,0.9783,0.8980,0.9941,0.9744
psi6w3,wcases_psi6_cc.csv,ACDC_009,否,0.9874,0.9592,-0.0281,0.9916,0.9679,0.9764,0.9289,0.9942,0.9809
psi6w3,wcases_psi6_cc.csv,ACDC_010,否,0.9877,0.9555,-0.0321,0.9915,0.9620,0.9774,0.9267,0.9942,0.9779
psi6w3,wcases_psi6_cc.csv,ACDC_011,否,0.9945,0.9538,-0.0407,0.9966,0.9650,0.9894,0.9169,0.9975,0.9795
psi6w3,wcases_psi6_cc.csv,ACDC_012,否,0.9923,0.9426,-0.0497,0.9924,0.9283,0.9888,0.9263,0.9956,0.9731
psi6w3,wcases_psi6_cc.csv,ACDC_013,否,0.9875,0.9543,-0.0332,0.9866,0.9454,0.9816,0.9356,0.9942,0.9819
psi6w3,wcases_psi6_cc.csv,ACDC_014,否,0.9861,0.9512,-0.0350,0.9836,0.9304,0.9823,0.9418,0.9926,0.9814
psi6w3,wcases_psi6_cc.csv,ACDC_015,否,0.9967,0.9569,-0.0399,0.9973,0.9695,0.9940,0.9203,0.9988,0.9808
psi6w3,wcases_psi6_cc.csv,ACDC_017,否,0.9841,0.9544,-0.0297,0.9874,0.9575,0.9714,0.9241,0.9934,0.9816
psi6w3,wcases_psi6_cc.csv,ACDC_018,否,0.9829,0.9447,-0.0383,0.9861,0.9398,0.9719,0.9194,0.9908,0.9748
psi6w3,wcases_psi6_cc.csv,ACDC_019,否,0.9877,0.9577,-0.0301,0.9882,0.9602,0.9813,0.9331,0.9937,0.9798
psi6w3,wcases_psi6_cc.csv,ACDC_020,否,0.9884,0.9502,-0.0382,0.9853,0.9345,0.9871,0.9411,0.9929,0.9751
psi6w3,wcases_psi6_cc.csv,ACDC_023,否,0.9968,0.9550,-0.0418,0.9982,0.9771,0.9928,0.9055,0.9993,0.9824
psi6w3,wcases_psi6_cc.csv,ACDC_024,否,0.9970,0.9589,-0.0381,0.9980,0.9719,0.9942,0.9229,0.9989,0.9819
psi6w3,wcases_psi6_cc.csv,ACDC_026,否,0.9894,0.9707,-0.0187,0.9854,0.9636,0.9872,0.9625,0.9957,0.9860
psi6w3,wcases_psi6_cc.csv,ACDC_027,否,0.9895,0.9651,-0.0244,0.9923,0.9762,0.9801,0.9361,0.9961,0.9830
psi6w3,wcases_psi6_cc.csv,ACDC_028,否,0.9880,0.9664,-0.0217,0.9904,0.9736,0.9800,0.9408,0.9937,0.9847
psi6w3,wcases_psi6_cc.csv,ACDC_029,否,0.9891,0.9531,-0.0361,0.9901,0.9500,0.9842,0.9387,0.9931,0.9704
psi6w3,wcases_psi6_cc.csv,ACDC_030,否,0.9889,0.9421,-0.0469,0.9877,0.9142,0.9907,0.9609,0.9885,0.9512
psi6w3,wcases_psi6_cc.csv,ACDC_031,否,0.9850,0.9579,-0.0271,0.9883,0.9588,0.9763,0.9367,0.9904,0.9781
psi6w3,wcases_psi6_cc.csv,ACDC_032,否,0.9889,0.9589,-0.0300,0.9893,0.9491,0.9876,0.9621,0.9898,0.9655
psi6w3,wcases_psi6_cc.csv,ACDC_033,否,0.9883,0.9524,-0.0359,0.9888,0.9504,0.9864,0.9425,0.9896,0.9643
psi6w3,wcases_psi6_cc.csv,ACDC_034,否,0.9862,0.9383,-0.0478,0.9835,0.9180,0.9893,0.9568,0.9857,0.9402
psi6w3,wcases_psi6_cc.csv,ACDC_035,否,0.9946,0.9523,-0.0423,0.9928,0.9570,0.9943,0.9331,0.9969,0.9669
psi6w3,wcases_psi6_cc.csv,ACDC_036,否,0.9952,0.9557,-0.0395,0.9946,0.9360,0.9959,0.9692,0.9949,0.9619
psi6w3,wcases_psi6_cc.csv,ACDC_037,否,0.9875,0.9602,-0.0273,0.9880,0.9708,0.9818,0.9358,0.9927,0.9741
psi6w3,wcases_psi6_cc.csv,ACDC_038,否,0.9835,0.9516,-0.0318,0.9813,0.9501,0.9863,0.9542,0.9828,0.9506
psi6w3,wcases_psi6_cc.csv,ACDC_039,否,0.9873,0.9564,-0.0308,0.9876,0.9480,0.9849,0.9498,0.9893,0.9716
psi6w3,wcases_psi6_cc.csv,ACDC_040,否,0.9835,0.9520,-0.0315,0.9796,0.9298,0.9876,0.9626,0.9834,0.9635
psi6w3,wcases_psi6_cc.csv,ACDC_041,否,0.9858,0.9499,-0.0359,0.9867,0.9497,0.9819,0.9345,0.9889,0.9656
psi6w3,wcases_psi6_cc.csv,ACDC_042,否,0.9837,0.9463,-0.0374,0.9833,0.9232,0.9883,0.9606,0.9795,0.9551
psi6w3,wcases_psi6_cc.csv,ACDC_043,否,0.9881,0.9531,-0.0350,0.9901,0.9586,0.9808,0.9284,0.9935,0.9724
psi6w3,wcases_psi6_cc.csv,ACDC_044,否,0.9860,0.9592,-0.0268,0.9797,0.9381,0.9885,0.9705,0.9899,0.9689
psi6w3,wcases_psi6_cc.csv,ACDC_047,否,0.9967,0.9521,-0.0445,0.9966,0.9470,0.9962,0.9489,0.9972,0.9606
psi6w3,wcases_psi6_cc.csv,ACDC_049,否,0.9892,0.9564,-0.0329,0.9920,0.9653,0.9819,0.9310,0.9939,0.9728
psi6w3,wcases_psi6_cc.csv,ACDC_050,否,0.9882,0.9504,-0.0377,0.9876,0.9387,0.9897,0.9578,0.9871,0.9548
psi6w3,wcases_psi6_cc.csv,ACDC_051,否,0.9894,0.9381,-0.0512,0.9921,0.9380,0.9847,0.9228,0.9913,0.9536
psi6w3,wcases_psi6_cc.csv,ACDC_052,否,0.9898,0.9430,-0.0467,0.9839,0.9398,0.9910,0.9525,0.9945,0.9368
psi6w3,wcases_psi6_cc.csv,ACDC_053,否,0.9809,0.9597,-0.0212,0.9830,0.9565,0.9718,0.9416,0.9878,0.9809
psi6w3,wcases_psi6_cc.csv,ACDC_054,否,0.9811,0.9499,-0.0312,0.9817,0.9406,0.9804,0.9472,0.9813,0.9620
psi6w3,wcases_psi6_cc.csv,ACDC_055,否,0.9894,0.9561,-0.0333,0.9911,0.9647,0.9827,0.9374,0.9945,0.9662
psi6w3,wcases_psi6_cc.csv,ACDC_056,否,0.9883,0.9556,-0.0327,0.9885,0.9459,0.9908,0.9649,0.9857,0.9560
psi6w3,wcases_psi6_cc.csv,ACDC_057,否,0.9900,0.9606,-0.0294,0.9921,0.9552,0.9873,0.9534,0.9907,0.9731
psi6w3,wcases_psi6_cc.csv,ACDC_060,否,0.9929,0.9500,-0.0429,0.9910,0.9322,0.9912,0.9469,0.9964,0.9709
psi6w3,wcases_psi6_cc.csv,ACDC_061,否,0.9853,0.9526,-0.0327,0.9907,0.9618,0.9726,0.9168,0.9925,0.9793
psi6w3,wcases_psi6_cc.csv,ACDC_062,否,0.9873,0.9475,-0.0398,0.9896,0.9440,0.9809,0.9277,0.9914,0.9708
psi6w3,wcases_psi6_cc.csv,ACDC_063,否,0.9894,0.9451,-0.0443,0.9938,0.9640,0.9792,0.8984,0.9952,0.9728
psi6w3,wcases_psi6_cc.csv,ACDC_064,否,0.9888,0.9456,-0.0432,0.9879,0.9411,0.9837,0.9244,0.9947,0.9713
psi6w3,wcases_psi6_cc.csv,ACDC_067,否,0.9980,0.9555,-0.0425,0.9990,0.9717,0.9960,0.9159,0.9990,0.9788
psi6w3,wcases_psi6_cc.csv,ACDC_068,否,0.9969,0.9535,-0.0434,0.9961,0.9492,0.9965,0.9340,0.9981,0.9772
psi6w3,wcases_psi6_cc.csv,ACDC_070,否,0.9958,0.9496,-0.0463,0.9954,0.9364,0.9949,0.9454,0.9972,0.9671
psi6w3,wcases_psi6_cc.csv,ACDC_073,否,0.9967,0.9493,-0.0474,0.9976,0.9497,0.9945,0.9222,0.9980,0.9760
psi6w3,wcases_psi6_cc.csv,ACDC_078,否,0.9834,0.9399,-0.0435,0.9783,0.9191,0.9783,0.9219,0.9937,0.9787
psi6w3,wcases_psi6_cc.csv,ACDC_083,否,0.9855,0.9608,-0.0247,0.9859,0.9596,0.9774,0.9412,0.9931,0.9817
psi6w3,wcases_psi6_cc.csv,ACDC_084,否,0.9861,0.9568,-0.0293,0.9831,0.9507,0.9828,0.9407,0.9923,0.9789
psi6w3,wcases_psi6_cc.csv,ACDC_085,否,0.9830,0.9515,-0.0315,0.9852,0.9398,0.9718,0.9296,0.9921,0.9851
psi6w3,wcases_psi6_cc.csv,ACDC_088,否,0.9859,0.9551,-0.0308,0.9853,0.9477,0.9807,0.9442,0.9917,0.9734
psi6w3,wcases_psi6_cc.csv,ACDC_089,否,0.9832,0.9559,-0.0273,0.9858,0.9393,0.9749,0.9477,0.9889,0.9807
psi6w3,wcases_psi6_cc.csv,ACDC_090,否,0.9828,0.9557,-0.0270,0.9845,0.9478,0.9778,0.9476,0.9859,0.9718
psi6w3,wcases_psi6_cc.csv,ACDC_092,否,0.9843,0.9570,-0.0273,0.9778,0.9407,0.9821,0.9518,0.9931,0.9785
psi6w3,wcases_psi6_cc.csv,ACDC_093,否,0.9889,0.9728,-0.0161,0.9920,0.9758,0.9809,0.9576,0.9939,0.9851
psi6w3,wcases_psi6_cc.csv,ACDC_095,否,0.9983,0.9669,-0.0314,0.9987,0.9716,0.9965,0.9412,0.9996,0.9878
psi6w3,wcases_psi6_cc.csv,ACDC_098,否,0.9887,0.9556,-0.0331,0.9892,0.9454,0.9856,0.9549,0.9915,0.9666
psi6w3,wcases_psi6_cc.csv,ACDC_099,否,0.9868,0.9601,-0.0267,0.9908,0.9699,0.9761,0.9296,0.9935,0.9809
psi6w3,wcases_psi6_cc.csv,ACDC_100,否,0.9864,0.9562,-0.0302,0.9864,0.9558,0.9841,0.9500,0.9886,0.9629
psi6w3,wcases_psi6_cc.csv,ACDC_102,否,0.9860,0.9586,-0.0273,0.9884,0.9496,0.9853,0.9563,0.9842,0.9700
psi6w3,wcases_psi6_cc.csv,ACDC_103,否,0.9869,0.9596,-0.0274,0.9899,0.9726,0.9795,0.9337,0.9914,0.9723
psi6w3,wcases_psi6_cc.csv,ACDC_106,否,0.9876,0.9573,-0.0302,0.9882,0.9561,0.9862,0.9495,0.9883,0.9665
psi6w3,wcases_psi6_cc.csv,ACDC_107,否,0.9854,0.9528,-0.0326,0.9891,0.9707,0.9740,0.9137,0.9931,0.9739
psi6w3,wcases_psi6_cc.csv,ACDC_108,否,0.9840,0.9557,-0.0283,0.9871,0.9610,0.9783,0.9428,0.9865,0.9632
psi6w3,wcases_psi6_cc.csv,ACDC_109,否,0.9937,0.9596,-0.0341,0.9962,0.9731,0.9869,0.9222,0.9981,0.9836
psi6w3,wcases_psi6_cc.csv,ACDC_110,否,0.9938,0.9565,-0.0373,0.9943,0.9563,0.9915,0.9437,0.9958,0.9695
psi6w3,wcases_psi6_cc.csv,ACDC_111,否,0.9970,0.9606,-0.0365,0.9982,0.9748,0.9953,0.9287,0.9977,0.9782
psi6w3,wcases_psi6_cc.csv,ACDC_114,否,0.9974,0.9621,-0.0353,0.9964,0.9571,0.9967,0.9520,0.9992,0.9773
psi6w3,wcases_psi6_cc.csv,ACDC_115,否,0.9980,0.9639,-0.0341,0.9984,0.9771,0.9964,0.9379,0.9992,0.9765
psi6w3,wcases_psi6_cc.csv,ACDC_116,否,0.9969,0.9574,-0.0395,0.9976,0.9538,0.9960,0.9557,0.9970,0.9626
psi6w3,wcases_psi6_cc.csv,ACDC_118,否,0.9889,0.9645,-0.0244,0.9879,0.9527,0.9876,0.9650,0.9912,0.9758
psi6w3,wcases_psi6_cc.csv,ACDC_120,否,0.9958,0.9517,-0.0441,0.9969,0.9504,0.9947,0.9346,0.9959,0.9701
psi6w3,wcases_psi6_cc.csv,ACDC_121,否,0.9904,0.9564,-0.0340,0.9938,0.9725,0.9828,0.9227,0.9947,0.9740
psi6w3,wcases_psi6_cc.csv,ACDC_122,否,0.9889,0.9577,-0.0312,0.9888,0.9562,0.9868,0.9518,0.9911,0.9652
psi6w3,wcases_psi6_cc.csv,ACDC_124,否,0.9868,0.9692,-0.0175,0.9882,0.9587,0.9855,0.9717,0.9866,0.9773
psi6w3,wcases_psi6_cc.csv,ACDC_125,否,0.9900,0.9786,-0.0113,0.9921,0.9812,0.9832,0.9664,0.9946,0.9882
psi6w3,wcases_psi6_cc.csv,ACDC_126,否,0.9872,0.9655,-0.0217,0.9870,0.9573,0.9880,0.9685,0.9865,0.9707
psi6w3,wcases_psi6_cc.csv,ACDC_127,否,0.9847,0.9725,-0.0122,0.9879,0.9702,0.9755,0.9631,0.9908,0.9841
psi6w3,wcases_psi6_cc.csv,ACDC_128,否,0.9832,0.9632,-0.0201,0.9824,0.9479,0.9825,0.9679,0.9848,0.9736
psi6w3,wcases_psi6_cc.csv,ACDC_130,否,0.9885,0.9741,-0.0144,0.9877,0.9686,0.9876,0.9720,0.9901,0.9817
psi6w3,wcases_psi6_cc.csv,ACDC_131,否,0.9781,0.9480,-0.0300,0.9863,0.9561,0.9572,0.9067,0.9907,0.9813
psi6w3,wcases_psi6_cc.csv,ACDC_132,否,0.9828,0.9567,-0.0261,0.9844,0.9624,0.9739,0.9372,0.9900,0.9704
psi6w3,wcases_psi6_cc.csv,ACDC_133,否,0.9975,0.9538,-0.0437,0.9988,0.9683,0.9961,0.9308,0.9975,0.9623
psi6w3,wcases_psi6_cc.csv,ACDC_134,否,0.9969,0.9584,-0.0386,0.9985,0.9743,0.9972,0.9493,0.9951,0.9515
psi6w3,wcases_psi6_cc.csv,ACDC_135,否,0.9827,0.9512,-0.0315,0.9913,0.9695,0.9650,0.9070,0.9918,0.9772
psi6w3,wcases_psi6_cc.csv,ACDC_136,否,0.9818,0.9507,-0.0311,0.9876,0.9553,0.9760,0.9384,0.9818,0.9585
psi6w3,wcases_psi6_cc.csv,ACDC_137,否,0.9833,0.9469,-0.0364,0.9917,0.9576,0.9674,0.9091,0.9909,0.9741
psi6w3,wcases_psi6_cc.csv,ACDC_139,否,0.9981,0.9558,-0.0424,0.9994,0.9745,0.9964,0.9181,0.9987,0.9748
psi6w3,wcases_psi6_cc.csv,ACDC_140,否,0.9976,0.9560,-0.0416,0.9986,0.9743,0.9969,0.9405,0.9973,0.9532
psi6w3,wcases_psi6_cc.csv,ACDC_141,否,0.9837,0.9538,-0.0300,0.9894,0.9717,0.9696,0.9128,0.9922,0.9768
psi6w3,wcases_psi6_cc.csv,ACDC_143,否,0.9917,0.9514,-0.0403,0.9964,0.9734,0.9838,0.9083,0.9949,0.9724
psi6w3,wcases_psi6_cc.csv,ACDC_144,否,0.9927,0.9552,-0.0375,0.9956,0.9701,0.9882,0.9287,0.9944,0.9668
psi6w3,wcases_psi6_cc.csv,ACDC_146,否,0.9978,0.9158,-0.0820,0.9985,0.9377,0.9961,0.8714,0.9987,0.9382
psi6w3,wcases_psi6_cc.csv,ACDC_147,否,0.9867,0.9558,-0.0309,0.9915,0.9711,0.9744,0.9201,0.9940,0.9760
psi6w3,wcases_psi6_cc.csv,ACDC_148,否,0.9898,0.9623,-0.0275,0.9923,0.9693,0.9866,0.9498,0.9905,0.9678
psi6w3,wcases_psi6_cc.csv,ACDC_149,否,0.9962,0.9554,-0.0408,0.9984,0.9833,0.9915,0.9020,0.9987,0.9808
psi6w3,wcases_psi6_cc.csv,ACDC_150,否,0.9972,0.9575,-0.0397,0.9973,0.9713,0.9962,0.9288,0.9983,0.9723
psi6w3,wcases_psi6_cc.csv,ACDC_151,否,0.9860,0.9571,-0.0289,0.9916,0.9655,0.9736,0.9267,0.9928,0.9791
psi6w3,wcases_psi6_cc.csv,ACDC_152,否,0.9839,0.9470,-0.0369,0.9877,0.9515,0.9720,0.9261,0.9920,0.9633
psi6w3,wcases_psi6_cc.csv,ACDC_153,否,0.9857,0.9599,-0.0259,0.9909,0.9784,0.9731,0.9209,0.9932,0.9803
psi6w3,wcases_psi6_cc.csv,ACDC_155,否,0.9876,0.9596,-0.0280,0.9921,0.9729,0.9774,0.9266,0.9933,0.9792
psi6w3,wcases_psi6_cc.csv,ACDC_156,否,0.9853,0.9584,-0.0270,0.9908,0.9568,0.9820,0.9502,0.9832,0.9681
psi6w3,wcases_psi6_cc.csv,ACDC_157,否,0.9912,0.9685,-0.0227,0.9949,0.9722,0.9831,0.9481,0.9956,0.9853
psi6w3,wcases_psi6_cc.csv,ACDC_158,否,0.9926,0.9642,-0.0283,0.9928,0.9590,0.9894,0.9543,0.9956,0.9795
psi6w3,wcases_psi6_cc.csv,ACDC_159,否,0.9885,0.9674,-0.0211,0.9932,0.9741,0.9793,0.9475,0.9929,0.9805
psi6w3,wcases_psi6_cc.csv,ACDC_160,否,0.9892,0.9719,-0.0173,0.9914,0.9762,0.9870,0.9648,0.9891,0.9745
psi7w3,wcases_psi7_genus.csv,ACDC_006,是,0.9930,0.9768,-0.0162,0.9943,0.9779,0.9885,0.9649,0.9962,0.9875
psi7w3,wcases_psi7_genus.csv,ACDC_026,是,0.9894,0.9830,-0.0064,0.9854,0.9812,0.9872,0.9763,0.9957,0.9915
psi7w3,wcases_psi7_genus.csv,ACDC_030,是,0.9889,0.9739,-0.0151,0.9877,0.9654,0.9907,0.9799,0.9885,0.9764
psi7w3,wcases_psi7_genus.csv,ACDC_034,是,0.9862,0.9731,-0.0131,0.9835,0.9663,0.9893,0.9775,0.9857,0.9754
psi7w3,wcases_psi7_genus.csv,ACDC_036,是,0.9952,0.9820,-0.0131,0.9946,0.9752,0.9959,0.9842,0.9949,0.9867
psi7w3,wcases_psi7_genus.csv,ACDC_040,是,0.9835,0.9770,-0.0066,0.9796,0.9708,0.9876,0.9798,0.9834,0.9803
psi7w3,wcases_psi7_genus.csv,ACDC_042,是,0.9837,0.9761,-0.0076,0.9833,0.9738,0.9883,0.9805,0.9795,0.9741
psi7w3,wcases_psi7_genus.csv,ACDC_044,是,0.9860,0.9797,-0.0063,0.9797,0.9731,0.9885,0.9818,0.9899,0.9842
psi7w3,wcases_psi7_genus.csv,ACDC_048,是,0.9953,0.9806,-0.0146,0.9919,0.9722,0.9984,0.9874,0.9956,0.9823
psi7w3,wcases_psi7_genus.csv,ACDC_050,是,0.9882,0.9752,-0.0129,0.9876,0.9714,0.9897,0.9782,0.9871,0.9761
psi7w3,wcases_psi7_genus.csv,ACDC_052,是,0.9898,0.9828,-0.0070,0.9839,0.9715,0.9910,0.9847,0.9945,0.9921
psi7w3,wcases_psi7_genus.csv,ACDC_056,是,0.9883,0.9782,-0.0102,0.9885,0.9784,0.9908,0.9821,0.9857,0.9739
psi7w3,wcases_psi7_genus.csv,ACDC_068,是,0.9969,0.9794,-0.0175,0.9961,0.9801,0.9965,0.9703,0.9981,0.9878
psi7w3,wcases_psi7_genus.csv,ACDC_082,是,0.9825,0.9745,-0.0080,0.9848,0.9799,0.9717,0.9608,0.9909,0.9828
psi7w3,wcases_psi7_genus.csv,ACDC_090,是,0.9828,0.9771,-0.0057,0.9845,0.9759,0.9778,0.9713,0.9859,0.9841
psi7w3,wcases_psi7_genus.csv,ACDC_110,是,0.9938,0.9796,-0.0142,0.9943,0.9820,0.9915,0.9710,0.9958,0.9859
psi7w3,wcases_psi7_genus.csv,ACDC_112,是,0.9957,0.9868,-0.0090,0.9931,0.9828,0.9970,0.9852,0.9971,0.9923
psi7w3,wcases_psi7_genus.csv,ACDC_128,是,0.9832,0.9791,-0.0041,0.9824,0.9768,0.9825,0.9795,0.9848,0.9811
psi7w3,wcases_psi7_genus.csv,ACDC_142,是,0.9838,0.9701,-0.0137,0.9878,0.9811,0.9756,0.9531,0.9879,0.9760
psi7w3,wcases_psi7_genus.csv,ACDC_154,是,0.9868,0.9719,-0.0149,0.9901,0.9778,0.9804,0.9591,0.9899,0.9788
psi7w3,wcases_psi7_genus.csv,ACDC_001,否,0.9969,0.9607,-0.0362,0.9964,0.9672,0.9955,0.9313,0.9988,0.9836
psi7w3,wcases_psi7_genus.csv,ACDC_002,否,0.9970,0.9632,-0.0338,0.9949,0.9585,0.9969,0.9475,0.9994,0.9836
psi7w3,wcases_psi7_genus.csv,ACDC_003,否,0.9883,0.9668,-0.0214,0.9889,0.9746,0.9800,0.9421,0.9958,0.9838
psi7w3,wcases_psi7_genus.csv,ACDC_004,否,0.9822,0.9543,-0.0279,0.9683,0.9334,0.9845,0.9485,0.9937,0.9810
psi7w3,wcases_psi7_genus.csv,ACDC_005,否,0.9928,0.9635,-0.0293,0.9946,0.9684,0.9875,0.9401,0.9963,0.9821
psi7w3,wcases_psi7_genus.csv,ACDC_007,否,0.9864,0.9563,-0.0301,0.9914,0.9670,0.9747,0.9218,0.9932,0.9801
psi7w3,wcases_psi7_genus.csv,ACDC_008,否,0.9873,0.9509,-0.0364,0.9896,0.9594,0.9783,0.9158,0.9941,0.9774
psi7w3,wcases_psi7_genus.csv,ACDC_009,否,0.9874,0.9637,-0.0237,0.9916,0.9724,0.9764,0.9354,0.9942,0.9835
psi7w3,wcases_psi7_genus.csv,ACDC_010,否,0.9877,0.9655,-0.0221,0.9915,0.9738,0.9774,0.9407,0.9942,0.9821
psi7w3,wcases_psi7_genus.csv,ACDC_011,否,0.9945,0.9633,-0.0312,0.9966,0.9745,0.9894,0.9332,0.9975,0.9822
psi7w3,wcases_psi7_genus.csv,ACDC_012,否,0.9923,0.9616,-0.0307,0.9924,0.9655,0.9888,0.9414,0.9956,0.9779
psi7w3,wcases_psi7_genus.csv,ACDC_013,否,0.9875,0.9659,-0.0216,0.9866,0.9647,0.9816,0.9482,0.9942,0.9848
psi7w3,wcases_psi7_genus.csv,ACDC_014,否,0.9861,0.9668,-0.0193,0.9836,0.9587,0.9823,0.9557,0.9926,0.9861
psi7w3,wcases_psi7_genus.csv,ACDC_015,否,0.9967,0.9673,-0.0294,0.9973,0.9786,0.9940,0.9388,0.9988,0.9845
psi7w3,wcases_psi7_genus.csv,ACDC_016,否,0.9976,0.9677,-0.0299,0.9980,0.9741,0.9957,0.9432,0.9990,0.9858
psi7w3,wcases_psi7_genus.csv,ACDC_017,否,0.9841,0.9636,-0.0205,0.9874,0.9697,0.9714,0.9375,0.9934,0.9834
psi7w3,wcases_psi7_genus.csv,ACDC_018,否,0.9829,0.9602,-0.0227,0.9861,0.9634,0.9719,0.9364,0.9908,0.9808
psi7w3,wcases_psi7_genus.csv,ACDC_019,否,0.9877,0.9660,-0.0217,0.9882,0.9647,0.9813,0.9494,0.9937,0.9840
psi7w3,wcases_psi7_genus.csv,ACDC_020,否,0.9884,0.9642,-0.0242,0.9853,0.9603,0.9871,0.9544,0.9929,0.9778
psi7w3,wcases_psi7_genus.csv,ACDC_021,否,0.9868,0.9636,-0.0232,0.9903,0.9710,0.9745,0.9331,0.9956,0.9867
psi7w3,wcases_psi7_genus.csv,ACDC_022,否,0.9878,0.9676,-0.0202,0.9902,0.9744,0.9786,0.9407,0.9947,0.9876
psi7w3,wcases_psi7_genus.csv,ACDC_023,否,0.9968,0.9650,-0.0318,0.9982,0.9827,0.9928,0.9255,0.9993,0.9867
psi7w3,wcases_psi7_genus.csv,ACDC_024,否,0.9970,0.9700,-0.0270,0.9980,0.9782,0.9942,0.9440,0.9989,0.9877
psi7w3,wcases_psi7_genus.csv,ACDC_025,否,0.9898,0.9787,-0.0110,0.9926,0.9822,0.9804,0.9632,0.9962,0.9909
psi7w3,wcases_psi7_genus.csv,ACDC_027,否,0.9895,0.9718,-0.0177,0.9923,0.9823,0.9801,0.9470,0.9961,0.9862
psi7w3,wcases_psi7_genus.csv,ACDC_028,否,0.9880,0.9752,-0.0128,0.9904,0.9793,0.9800,0.9581,0.9937,0.9883
psi7w3,wcases_psi7_genus.csv,ACDC_029,否,0.9891,0.9623,-0.0269,0.9901,0.9638,0.9842,0.9488,0.9931,0.9742
psi7w3,wcases_psi7_genus.csv,ACDC_031,否,0.9850,0.9696,-0.0154,0.9883,0.9696,0.9763,0.9553,0.9904,0.9838
psi7w3,wcases_psi7_genus.csv,ACDC_032,否,0.9889,0.9745,-0.0144,0.9893,0.9739,0.9876,0.9732,0.9898,0.9765
psi7w3,wcases_psi7_genus.csv,ACDC_033,否,0.9883,0.9657,-0.0226,0.9888,0.9650,0.9864,0.9565,0.9896,0.9755
psi7w3,wcases_psi7_genus.csv,ACDC_035,否,0.9946,0.9655,-0.0291,0.9928,0.9667,0.9943,0.9532,0.9969,0.9766
psi7w3,wcases_psi7_genus.csv,ACDC_037,否,0.9875,0.9684,-0.0191,0.9880,0.9748,0.9818,0.9505,0.9927,0.9797
psi7w3,wcases_psi7_genus.csv,ACDC_038,否,0.9835,0.9675,-0.0160,0.9813,0.9638,0.9863,0.9685,0.9828,0.9702
psi7w3,wcases_psi7_genus.csv,ACDC_039,否,0.9873,0.9678,-0.0195,0.9876,0.9661,0.9849,0.9603,0.9893,0.9770
psi7w3,wcases_psi7_genus.csv,ACDC_041,否,0.9858,0.9643,-0.0215,0.9867,0.9648,0.9819,0.9524,0.9889,0.9756
psi7w3,wcases_psi7_genus.csv,ACDC_043,否,0.9881,0.9643,-0.0239,0.9901,0.9670,0.9808,0.9467,0.9935,0.9791
psi7w3,wcases_psi7_genus.csv,ACDC_045,否,0.9978,0.9716,-0.0263,0.9985,0.9742,0.9965,0.9563,0.9985,0.9842
psi7w3,wcases_psi7_genus.csv,ACDC_046,否,0.9967,0.9727,-0.0240,0.9954,0.9634,0.9977,0.9742,0.9970,0.9804
psi7w3,wcases_psi7_genus.csv,ACDC_047,否,0.9967,0.9705,-0.0261,0.9966,0.9727,0.9962,0.9649,0.9972,0.9740
psi7w3,wcases_psi7_genus.csv,ACDC_049,否,0.9892,0.9644,-0.0249,0.9920,0.9726,0.9819,0.9425,0.9939,0.9780
psi7w3,wcases_psi7_genus.csv,ACDC_051,否,0.9894,0.9574,-0.0320,0.9921,0.9594,0.9847,0.9438,0.9913,0.9689
psi7w3,wcases_psi7_genus.csv,ACDC_053,否,0.9809,0.9681,-0.0127,0.9830,0.9670,0.9718,0.9533,0.9878,0.9841
psi7w3,wcases_psi7_genus.csv,ACDC_054,否,0.9811,0.9651,-0.0160,0.9817,0.9614,0.9804,0.9627,0.9813,0.9713
psi7w3,wcases_psi7_genus.csv,ACDC_055,否,0.9894,0.9667,-0.0227,0.9911,0.9725,0.9827,0.9498,0.9945,0.9779
psi7w3,wcases_psi7_genus.csv,ACDC_057,否,0.9900,0.9703,-0.0197,0.9921,0.9666,0.9873,0.9637,0.9907,0.9805
psi7w3,wcases_psi7_genus.csv,ACDC_058,否,0.9883,0.9680,-0.0203,0.9876,0.9560,0.9905,0.9731,0.9868,0.9748
psi7w3,wcases_psi7_genus.csv,ACDC_059,否,0.9948,0.9706,-0.0242,0.9954,0.9759,0.9908,0.9528,0.9982,0.9832
psi7w3,wcases_psi7_genus.csv,ACDC_060,否,0.9929,0.9684,-0.0245,0.9910,0.9622,0.9912,0.9628,0.9964,0.9801
psi7w3,wcases_psi7_genus.csv,ACDC_061,否,0.9853,0.9613,-0.0240,0.9907,0.9729,0.9726,0.9300,0.9925,0.9810
psi7w3,wcases_psi7_genus.csv,ACDC_062,否,0.9873,0.9647,-0.0227,0.9896,0.9722,0.9809,0.9454,0.9914,0.9765
psi7w3,wcases_psi7_genus.csv,ACDC_063,否,0.9894,0.9588,-0.0306,0.9938,0.9732,0.9792,0.9230,0.9952,0.9802
psi7w3,wcases_psi7_genus.csv,ACDC_064,否,0.9888,0.9620,-0.0268,0.9879,0.9662,0.9837,0.9422,0.9947,0.9776
psi7w3,wcases_psi7_genus.csv,ACDC_065,否,0.9840,0.9638,-0.0203,0.9874,0.9633,0.9744,0.9459,0.9903,0.9822
psi7w3,wcases_psi7_genus.csv,ACDC_066,否,0.9805,0.9646,-0.0158,0.9739,0.9509,0.9803,0.9656,0.9871,0.9774
psi7w3,wcases_psi7_genus.csv,ACDC_067,否,0.9980,0.9671,-0.0309,0.9990,0.9760,0.9960,0.9391,0.9990,0.9862
psi7w3,wcases_psi7_genus.csv,ACDC_069,否,0.9957,0.9652,-0.0305,0.9967,0.9705,0.9924,0.9436,0.9980,0.9814
psi7w3,wcases_psi7_genus.csv,ACDC_070,否,0.9958,0.9707,-0.0251,0.9954,0.9682,0.9949,0.9647,0.9972,0.9792
psi7w3,wcases_psi7_genus.csv,ACDC_071,否,0.9876,0.9644,-0.0232,0.9900,0.9727,0.9786,0.9386,0.9944,0.9820
psi7w3,wcases_psi7_genus.csv,ACDC_072,否,0.9882,0.9644,-0.0238,0.9884,0.9647,0.9832,0.9471,0.9930,0.9815
psi7w3,wcases_psi7_genus.csv,ACDC_073,否,0.9967,0.9681,-0.0286,0.9976,0.9691,0.9945,0.9506,0.9980,0.9847
psi7w3,wcases_psi7_genus.csv,ACDC_074,否,0.9978,0.9714,-0.0264,0.9976,0.9704,0.9967,0.9606,0.9990,0.9831
psi7w3,wcases_psi7_genus.csv,ACDC_075,否,0.9842,0.9644,-0.0198,0.9854,0.9596,0.9752,0.9499,0.9920,0.9839
psi7w3,wcases_psi7_genus.csv,ACDC_076,否,0.9768,0.9592,-0.0176,0.9603,0.9387,0.9792,0.9558,0.9908,0.9831
psi7w3,wcases_psi7_genus.csv,ACDC_077,否,0.9821,0.9589,-0.0232,0.9864,0.9666,0.9665,0.9254,0.9934,0.9847
psi7w3,wcases_psi7_genus.csv,ACDC_078,否,0.9834,0.9589,-0.0245,0.9783,0.9513,0.9783,0.9419,0.9937,0.9834
psi7w3,wcases_psi7_genus.csv,ACDC_079,否,0.9836,0.9627,-0.0209,0.9885,0.9719,0.9689,0.9347,0.9935,0.9815
psi7w3,wcases_psi7_genus.csv,ACDC_080,否,0.9872,0.9620,-0.0253,0.9865,0.9668,0.9814,0.9450,0.9938,0.9741
psi7w3,wcases_psi7_genus.csv,ACDC_081,否,0.9835,0.9611,-0.0223,0.9898,0.9752,0.9689,0.9278,0.9917,0.9805
psi7w3,wcases_psi7_genus.csv,ACDC_083,否,0.9855,0.9710,-0.0145,0.9859,0.9717,0.9774,0.9561,0.9931,0.9851
psi7w3,wcases_psi7_genus.csv,ACDC_084,否,0.9861,0.9690,-0.0170,0.9831,0.9624,0.9828,0.9612,0.9923,0.9834
psi7w3,wcases_psi7_genus.csv,ACDC_085,否,0.9830,0.9661,-0.0169,0.9852,0.9644,0.9718,0.9464,0.9921,0.9875
psi7w3,wcases_psi7_genus.csv,ACDC_086,否,0.9790,0.9659,-0.0131,0.9690,0.9579,0.9775,0.9542,0.9906,0.9857
psi7w3,wcases_psi7_genus.csv,ACDC_087,否,0.9857,0.9692,-0.0165,0.9905,0.9757,0.9739,0.9452,0.9928,0.9867
psi7w3,wcases_psi7_genus.csv,ACDC_088,否,0.9859,0.9699,-0.0160,0.9853,0.9733,0.9807,0.9572,0.9917,0.9793
psi7w3,wcases_psi7_genus.csv,ACDC_089,否,0.9832,0.9687,-0.0144,0.9858,0.9646,0.9749,0.9573,0.9889,0.9843
psi7w3,wcases_psi7_genus.csv,ACDC_091,否,0.9882,0.9727,-0.0155,0.9876,0.9749,0.9808,0.9544,0.9962,0.9887
psi7w3,wcases_psi7_genus.csv,ACDC_092,否,0.9843,0.9694,-0.0149,0.9778,0.9640,0.9821,0.9623,0.9931,0.9818
psi7w3,wcases_psi7_genus.csv,ACDC_093,否,0.9889,0.9790,-0.0099,0.9920,0.9819,0.9809,0.9660,0.9939,0.9893
psi7w3,wcases_psi7_genus.csv,ACDC_094,否,0.9848,0.9703,-0.0145,0.9806,0.9595,0.9839,0.9710,0.9898,0.9805
psi7w3,wcases_psi7_genus.csv,ACDC_095,否,0.9983,0.9767,-0.0215,0.9987,0.9805,0.9965,0.9586,0.9996,0.9910
psi7w3,wcases_psi7_genus.csv,ACDC_096,否,0.9970,0.9732,-0.0239,0.9963,0.9680,0.9960,0.9629,0.9988,0.9887
psi7w3,wcases_psi7_genus.csv,ACDC_097,否,0.9881,0.9684,-0.0197,0.9921,0.9806,0.9795,0.9408,0.9927,0.9839
psi7w3,wcases_psi7_genus.csv,ACDC_098,否,0.9887,0.9705,-0.0182,0.9892,0.9680,0.9856,0.9663,0.9915,0.9773
psi7w3,wcases_psi7_genus.csv,ACDC_099,否,0.9868,0.9660,-0.0208,0.9908,0.9763,0.9761,0.9382,0.9935,0.9835
psi7w3,wcases_psi7_genus.csv,ACDC_100,否,0.9864,0.9671,-0.0193,0.9864,0.9682,0.9841,0.9613,0.9886,0.9718
psi7w3,wcases_psi7_genus.csv,ACDC_101,否,0.9844,0.9586,-0.0258,0.9894,0.9722,0.9721,0.9258,0.9918,0.9778
psi7w3,wcases_psi7_genus.csv,ACDC_102,否,0.9860,0.9713,-0.0147,0.9884,0.9708,0.9853,0.9679,0.9842,0.9751
psi7w3,wcases_psi7_genus.csv,ACDC_103,否,0.9869,0.9688,-0.0181,0.9899,0.9763,0.9795,0.9504,0.9914,0.9797
psi7w3,wcases_psi7_genus.csv,ACDC_104,否,0.9879,0.9671,-0.0208,0.9894,0.9670,0.9854,0.9619,0.9888,0.9725
psi7w3,wcases_psi7_genus.csv,ACDC_105,否,0.9873,0.9670,-0.0203,0.9924,0.9774,0.9780,0.9406,0.9916,0.9829
psi7w3,wcases_psi7_genus.csv,ACDC_106,否,0.9876,0.9709,-0.0167,0.9882,0.9699,0.9862,0.9639,0.9883,0.9789
psi7w3,wcases_psi7_genus.csv,ACDC_107,否,0.9854,0.9626,-0.0228,0.9891,0.9775,0.9740,0.9323,0.9931,0.9780
psi7w3,wcases_psi7_genus.csv,ACDC_108,否,0.9840,0.9644,-0.0195,0.9871,0.9690,0.9783,0.9557,0.9865,0.9686
psi7w3,wcases_psi7_genus.csv,ACDC_109,否,0.9937,0.9664,-0.0273,0.9962,0.9770,0.9869,0.9354,0.9981,0.9869
psi7w3,wcases_psi7_genus.csv,ACDC_111,否,0.9970,0.9743,-0.0227,0.9982,0.9830,0.9953,0.9536,0.9977,0.9864
psi7w3,wcases_psi7_genus.csv,ACDC_113,否,0.9959,0.9697,-0.0262,0.9971,0.9760,0.9927,0.9471,0.9979,0.9859
psi7w3,wcases_psi7_genus.csv,ACDC_114,否,0.9974,0.9743,-0.0231,0.9964,0.9722,0.9967,0.9676,0.9992,0.9831
psi7w3,wcases_psi7_genus.csv,ACDC_115,否,0.9980,0.9725,-0.0255,0.9984,0.9786,0.9964,0.9546,0.9992,0.9844
psi7w3,wcases_psi7_genus.csv,ACDC_116,否,0.9969,0.9740,-0.0228,0.9976,0.9740,0.9960,0.9709,0.9970,0.9771
psi7w3,wcases_psi7_genus.csv,ACDC_117,否,0.9868,0.9648,-0.0219,0.9897,0.9751,0.9769,0.9395,0.9937,0.9799
psi7w3,wcases_psi7_genus.csv,ACDC_118,否,0.9889,0.9740,-0.0149,0.9879,0.9683,0.9876,0.9729,0.9912,0.9807
psi7w3,wcases_psi7_genus.csv,ACDC_119,否,0.9953,0.9710,-0.0243,0.9972,0.9771,0.9913,0.9498,0.9973,0.9859
psi7w3,wcases_psi7_genus.csv,ACDC_120,否,0.9958,0.9731,-0.0227,0.9969,0.9747,0.9947,0.9621,0.9959,0.9824
psi7w3,wcases_psi7_genus.csv,ACDC_121,否,0.9904,0.9629,-0.0276,0.9938,0.9749,0.9828,0.9357,0.9947,0.9780
psi7w3,wcases_psi7_genus.csv,ACDC_122,否,0.9889,0.9654,-0.0234,0.9888,0.9652,0.9868,0.9604,0.9911,0.9707
psi7w3,wcases_psi7_genus.csv,ACDC_123,否,0.9891,0.9804,-0.0087,0.9925,0.9848,0.9804,0.9660,0.9946,0.9906
psi7w3,wcases_psi7_genus.csv,ACDC_124,否,0.9868,0.9774,-0.0094,0.9882,0.9792,0.9855,0.9738,0.9866,0.9792
psi7w3,wcases_psi7_genus.csv,ACDC_125,否,0.9900,0.9843,-0.0056,0.9921,0.9863,0.9832,0.9739,0.9946,0.9927
psi7w3,wcases_psi7_genus.csv,ACDC_126,否,0.9872,0.9750,-0.0122,0.9870,0.9712,0.9880,0.9761,0.9865,0.9778
psi7w3,wcases_psi7_genus.csv,ACDC_127,否,0.9847,0.9770,-0.0077,0.9879,0.9746,0.9755,0.9682,0.9908,0.9884
psi7w3,wcases_psi7_genus.csv,ACDC_129,否,0.9891,0.9756,-0.0135,0.9932,0.9865,0.9811,0.9553,0.9931,0.9849
psi7w3,wcases_psi7_genus.csv,ACDC_130,否,0.9885,0.9803,-0.0082,0.9877,0.9757,0.9876,0.9797,0.9901,0.9855
psi7w3,wcases_psi7_genus.csv,ACDC_131,否,0.9781,0.9561,-0.0220,0.9863,0.9624,0.9572,0.9226,0.9907,0.9832
psi7w3,wcases_psi7_genus.csv,ACDC_132,否,0.9828,0.9623,-0.0205,0.9844,0.9679,0.9739,0.9447,0.9900,0.9744
psi7w3,wcases_psi7_genus.csv,ACDC_133,否,0.9975,0.9722,-0.0252,0.9988,0.9803,0.9961,0.9574,0.9975,0.9790
psi7w3,wcases_psi7_genus.csv,ACDC_134,否,0.9969,0.9804,-0.0166,0.9985,0.9804,0.9972,0.9772,0.9951,0.9836
psi7w3,wcases_psi7_genus.csv,ACDC_135,否,0.9827,0.9595,-0.0232,0.9913,0.9784,0.9650,0.9196,0.9918,0.9805
psi7w3,wcases_psi7_genus.csv,ACDC_136,否,0.9818,0.9627,-0.0191,0.9876,0.9711,0.9760,0.9511,0.9818,0.9659
psi7w3,wcases_psi7_genus.csv,ACDC_137,否,0.9833,0.9637,-0.0197,0.9917,0.9758,0.9674,0.9330,0.9909,0.9823
psi7w3,wcases_psi7_genus.csv,ACDC_138,否,0.9808,0.9619,-0.0189,0.9893,0.9721,0.9746,0.9518,0.9785,0.9618
psi7w3,wcases_psi7_genus.csv,ACDC_139,否,0.9981,0.9752,-0.0229,0.9994,0.9867,0.9964,0.9519,0.9987,0.9870
psi7w3,wcases_psi7_genus.csv,ACDC_140,否,0.9976,0.9745,-0.0231,0.9986,0.9823,0.9969,0.9683,0.9973,0.9728
psi7w3,wcases_psi7_genus.csv,ACDC_141,否,0.9837,0.9593,-0.0245,0.9894,0.9757,0.9696,0.9231,0.9922,0.9791
psi7w3,wcases_psi7_genus.csv,ACDC_143,否,0.9917,0.9691,-0.0226,0.9964,0.9829,0.9838,0.9413,0.9949,0.9832
psi7w3,wcases_psi7_genus.csv,ACDC_144,否,0.9927,0.9694,-0.0233,0.9956,0.9771,0.9882,0.9491,0.9944,0.9820
psi7w3,wcases_psi7_genus.csv,ACDC_145,否,0.9959,0.9427,-0.0532,0.9988,0.9585,0.9911,0.8927,0.9978,0.9770
psi7w3,wcases_psi7_genus.csv,ACDC_146,否,0.9978,0.9628,-0.0350,0.9985,0.9688,0.9961,0.9427,0.9987,0.9769
psi7w3,wcases_psi7_genus.csv,ACDC_147,否,0.9867,0.9668,-0.0198,0.9915,0.9800,0.9744,0.9380,0.9940,0.9824
psi7w3,wcases_psi7_genus.csv,ACDC_148,否,0.9898,0.9718,-0.0180,0.9923,0.9757,0.9866,0.9615,0.9905,0.9783
psi7w3,wcases_psi7_genus.csv,ACDC_149,否,0.9962,0.9681,-0.0281,0.9984,0.9852,0.9915,0.9333,0.9987,0.9860
psi7w3,wcases_psi7_genus.csv,ACDC_150,否,0.9972,0.9714,-0.0259,0.9973,0.9765,0.9962,0.9557,0.9983,0.9819
psi7w3,wcases_psi7_genus.csv,ACDC_151,否,0.9860,0.9675,-0.0184,0.9916,0.9739,0.9736,0.9435,0.9928,0.9852
psi7w3,wcases_psi7_genus.csv,ACDC_152,否,0.9839,0.9635,-0.0204,0.9877,0.9716,0.9720,0.9452,0.9920,0.9736
psi7w3,wcases_psi7_genus.csv,ACDC_153,否,0.9857,0.9656,-0.0201,0.9909,0.9790,0.9731,0.9340,0.9932,0.9838
psi7w3,wcases_psi7_genus.csv,ACDC_155,否,0.9876,0.9686,-0.0189,0.9921,0.9788,0.9774,0.9435,0.9933,0.9836
psi7w3,wcases_psi7_genus.csv,ACDC_156,否,0.9853,0.9721,-0.0132,0.9908,0.9767,0.9820,0.9649,0.9832,0.9748
psi7w3,wcases_psi7_genus.csv,ACDC_157,否,0.9912,0.9746,-0.0166,0.9949,0.9790,0.9831,0.9572,0.9956,0.9875
psi7w3,wcases_psi7_genus.csv,ACDC_158,否,0.9926,0.9763,-0.0162,0.9928,0.9744,0.9894,0.9689,0.9956,0.9857
psi7w3,wcases_psi7_genus.csv,ACDC_159,否,0.9885,0.9749,-0.0135,0.9932,0.9785,0.9793,0.9604,0.9929,0.9858
psi7w3,wcases_psi7_genus.csv,ACDC_160,否,0.9892,0.9808,-0.0084,0.9914,0.9830,0.9870,0.9762,0.9891,0.9831
psi10w3,wcases_acdc_psi10_centroid.csv,ACDC_030,是,0.9889,0.9441,-0.0449,0.9877,0.9135,0.9907,0.9651,0.9885,0.9535
psi10w3,wcases_acdc_psi10_centroid.csv,ACDC_032,是,0.9889,0.9638,-0.0251,0.9893,0.9556,0.9876,0.9649,0.9898,0.9710
psi10w3,wcases_acdc_psi10_centroid.csv,ACDC_033,是,0.9883,0.9585,-0.0297,0.9888,0.9556,0.9864,0.9491,0.9896,0.9709
psi10w3,wcases_acdc_psi10_centroid.csv,ACDC_034,是,0.9862,0.9515,-0.0346,0.9835,0.9309,0.9893,0.9645,0.9857,0.9593
psi10w3,wcases_acdc_psi10_centroid.csv,ACDC_036,是,0.9952,0.9666,-0.0286,0.9946,0.9549,0.9959,0.9720,0.9949,0.9730
psi10w3,wcases_acdc_psi10_centroid.csv,ACDC_046,是,0.9967,0.9605,-0.0362,0.9954,0.9454,0.9977,0.9657,0.9970,0.9704
psi10w3,wcases_acdc_psi10_centroid.csv,ACDC_048,是,0.9953,0.9512,-0.0440,0.9919,0.9177,0.9984,0.9760,0.9956,0.9601
psi10w3,wcases_acdc_psi10_centroid.csv,ACDC_050,是,0.9882,0.9550,-0.0332,0.9876,0.9439,0.9897,0.9622,0.9871,0.9588
psi10w3,wcases_acdc_psi10_centroid.csv,ACDC_051,是,0.9894,0.9462,-0.0432,0.9921,0.9414,0.9847,0.9349,0.9913,0.9623
psi10w3,wcases_acdc_psi10_centroid.csv,ACDC_052,是,0.9898,0.9572,-0.0326,0.9839,0.9523,0.9910,0.9634,0.9945,0.9560
psi10w3,wcases_acdc_psi10_centroid.csv,ACDC_056,是,0.9883,0.9642,-0.0241,0.9885,0.9587,0.9908,0.9709,0.9857,0.9629
psi10w3,wcases_acdc_psi10_centroid.csv,ACDC_060,是,0.9929,0.9567,-0.0362,0.9910,0.9406,0.9912,0.9553,0.9964,0.9740
psi10w3,wcases_acdc_psi10_centroid.csv,ACDC_062,是,0.9873,0.9557,-0.0316,0.9896,0.9547,0.9809,0.9376,0.9914,0.9749
psi10w3,wcases_acdc_psi10_centroid.csv,ACDC_064,是,0.9888,0.9536,-0.0352,0.9879,0.9517,0.9837,0.9337,0.9947,0.9754
psi10w3,wcases_acdc_psi10_centroid.csv,ACDC_065,是,0.9840,0.9542,-0.0298,0.9874,0.9583,0.9744,0.9294,0.9903,0.9749
psi10w3,wcases_acdc_psi10_centroid.csv,ACDC_066,是,0.9805,0.9532,-0.0273,0.9739,0.9275,0.9803,0.9599,0.9871,0.9722
psi10w3,wcases_acdc_psi10_centroid.csv,ACDC_073,是,0.9967,0.9560,-0.0407,0.9976,0.9538,0.9945,0.9338,0.9980,0.9805
psi10w3,wcases_acdc_psi10_centroid.csv,ACDC_074,是,0.9978,0.9631,-0.0347,0.9976,0.9591,0.9967,0.9517,0.9990,0.9785
psi10w3,wcases_acdc_psi10_centroid.csv,ACDC_076,是,0.9768,0.9472,-0.0296,0.9603,0.9154,0.9792,0.9455,0.9908,0.9807
psi10w3,wcases_acdc_psi10_centroid.csv,ACDC_078,是,0.9834,0.9468,-0.0366,0.9783,0.9293,0.9783,0.9300,0.9937,0.9812
psi10w3,wcases_acdc_psi10_centroid.csv,ACDC_080,是,0.9872,0.9552,-0.0320,0.9865,0.9568,0.9814,0.9364,0.9938,0.9725
psi10w3,wcases_acdc_psi10_centroid.csv,ACDC_084,是,0.9861,0.9641,-0.0220,0.9831,0.9590,0.9828,0.9513,0.9923,0.9819
psi10w3,wcases_acdc_psi10_centroid.csv,ACDC_092,是,0.9843,0.9617,-0.0226,0.9778,0.9467,0.9821,0.9577,0.9931,0.9808
psi10w3,wcases_acdc_psi10_centroid.csv,ACDC_094,是,0.9848,0.9656,-0.0192,0.9806,0.9522,0.9839,0.9655,0.9898,0.9790
psi10w3,wcases_acdc_psi10_centroid.csv,ACDC_096,是,0.9970,0.9631,-0.0339,0.9963,0.9530,0.9960,0.9519,0.9988,0.9844
psi10w3,wcases_acdc_psi10_centroid.csv,ACDC_102,是,0.9860,0.9630,-0.0230,0.9884,0.9562,0.9853,0.9622,0.9842,0.9706
psi10w3,wcases_acdc_psi10_centroid.csv,ACDC_104,是,0.9879,0.9597,-0.0282,0.9894,0.9569,0.9854,0.9555,0.9888,0.9668
psi10w3,wcases_acdc_psi10_centroid.csv,ACDC_108,是,0.9840,0.9581,-0.0259,0.9871,0.9615,0.9783,0.9495,0.9865,0.9632
psi10w3,wcases_acdc_psi10_centroid.csv,ACDC_109,是,0.9937,0.9636,-0.0302,0.9962,0.9752,0.9869,0.9303,0.9981,0.9852
psi10w3,wcases_acdc_psi10_centroid.csv,ACDC_110,是,0.9938,0.9655,-0.0284,0.9943,0.9666,0.9915,0.9535,0.9958,0.9764
psi10w3,wcases_acdc_psi10_centroid.csv,ACDC_111,是,0.9970,0.9667,-0.0303,0.9982,0.9754,0.9953,0.9411,0.9977,0.9836
psi10w3,wcases_acdc_psi10_centroid.csv,ACDC_112,是,0.9957,0.9664,-0.0294,0.9931,0.9532,0.9970,0.9643,0.9971,0.9816
psi10w3,wcases_acdc_psi10_centroid.csv,ACDC_114,是,0.9974,0.9643,-0.0331,0.9964,0.9567,0.9967,0.9570,0.9992,0.9792
psi10w3,wcases_acdc_psi10_centroid.csv,ACDC_116,是,0.9969,0.9662,-0.0307,0.9976,0.9643,0.9960,0.9635,0.9970,0.9708
psi10w3,wcases_acdc_psi10_centroid.csv,ACDC_118,是,0.9889,0.9689,-0.0200,0.9879,0.9582,0.9876,0.9690,0.9912,0.9796
psi10w3,wcases_acdc_psi10_centroid.csv,ACDC_120,是,0.9958,0.9624,-0.0334,0.9969,0.9653,0.9947,0.9474,0.9959,0.9746
psi10w3,wcases_acdc_psi10_centroid.csv,ACDC_126,是,0.9872,0.9707,-0.0164,0.9870,0.9620,0.9880,0.9740,0.9865,0.9762
psi10w3,wcases_acdc_psi10_centroid.csv,ACDC_130,是,0.9885,0.9761,-0.0124,0.9877,0.9708,0.9876,0.9753,0.9901,0.9822
psi10w3,wcases_acdc_psi10_centroid.csv,ACDC_134,是,0.9969,0.9713,-0.0256,0.9985,0.9775,0.9972,0.9659,0.9951,0.9706
psi10w3,wcases_acdc_psi10_centroid.csv,ACDC_136,是,0.9818,0.9568,-0.0249,0.9876,0.9624,0.9760,0.9457,0.9818,0.9624
psi10w3,wcases_acdc_psi10_centroid.csv,ACDC_140,是,0.9976,0.9662,-0.0314,0.9986,0.9771,0.9969,0.9553,0.9973,0.9663
psi10w3,wcases_acdc_psi10_centroid.csv,ACDC_146,是,0.9978,0.9465,-0.0513,0.9985,0.9553,0.9961,0.9201,0.9987,0.9641
psi10w3,wcases_acdc_psi10_centroid.csv,ACDC_150,是,0.9972,0.9620,-0.0352,0.9973,0.9703,0.9962,0.9401,0.9983,0.9756
psi10w3,wcases_acdc_psi10_centroid.csv,ACDC_151,是,0.9860,0.9624,-0.0236,0.9916,0.9663,0.9736,0.9374,0.9928,0.9833
psi10w3,wcases_acdc_psi10_centroid.csv,ACDC_152,是,0.9839,0.9537,-0.0302,0.9877,0.9563,0.9720,0.9356,0.9920,0.9691
psi10w3,wcases_acdc_psi10_centroid.csv,ACDC_156,是,0.9853,0.9639,-0.0214,0.9908,0.9634,0.9820,0.9585,0.9832,0.9699
psi10w3,wcases_acdc_psi10_centroid.csv,ACDC_159,是,0.9885,0.9727,-0.0158,0.9932,0.9753,0.9793,0.9584,0.9929,0.9844
psi10w3,wcases_acdc_psi10_centroid.csv,ACDC_160,是,0.9892,0.9785,-0.0107,0.9914,0.9805,0.9870,0.9740,0.9891,0.9809
psi10w3,wcases_acdc_psi10_centroid.csv,ACDC_001,否,0.9969,0.9489,-0.0481,0.9964,0.9530,0.9955,0.9129,0.9988,0.9808
psi10w3,wcases_acdc_psi10_centroid.csv,ACDC_002,否,0.9970,0.9360,-0.0610,0.9949,0.9113,0.9969,0.9217,0.9994,0.9750
psi10w3,wcases_acdc_psi10_centroid.csv,ACDC_003,否,0.9883,0.9487,-0.0395,0.9889,0.9613,0.9800,0.9141,0.9958,0.9708
psi10w3,wcases_acdc_psi10_centroid.csv,ACDC_004,否,0.9822,0.9245,-0.0577,0.9683,0.8826,0.9845,0.9232,0.9937,0.9676
psi10w3,wcases_acdc_psi10_centroid.csv,ACDC_005,否,0.9928,0.9536,-0.0392,0.9946,0.9502,0.9875,0.9307,0.9963,0.9800
psi10w3,wcases_acdc_psi10_centroid.csv,ACDC_006,否,0.9930,0.9568,-0.0362,0.9943,0.9547,0.9885,0.9366,0.9962,0.9791
psi10w3,wcases_acdc_psi10_centroid.csv,ACDC_007,否,0.9864,0.9344,-0.0520,0.9914,0.9398,0.9747,0.8886,0.9932,0.9748
psi10w3,wcases_acdc_psi10_centroid.csv,ACDC_008,否,0.9873,0.9286,-0.0587,0.9896,0.9270,0.9783,0.8872,0.9941,0.9715
psi10w3,wcases_acdc_psi10_centroid.csv,ACDC_009,否,0.9874,0.9580,-0.0294,0.9916,0.9690,0.9764,0.9251,0.9942,0.9797
psi10w3,wcases_acdc_psi10_centroid.csv,ACDC_010,否,0.9877,0.9540,-0.0337,0.9915,0.9606,0.9774,0.9237,0.9942,0.9776
psi10w3,wcases_acdc_psi10_centroid.csv,ACDC_011,否,0.9945,0.9520,-0.0425,0.9966,0.9645,0.9894,0.9126,0.9975,0.9788
psi10w3,wcases_acdc_psi10_centroid.csv,ACDC_012,否,0.9923,0.9388,-0.0535,0.9924,0.9213,0.9888,0.9229,0.9956,0.9721
psi10w3,wcases_acdc_psi10_centroid.csv,ACDC_013,否,0.9875,0.9514,-0.0361,0.9866,0.9443,0.9816,0.9301,0.9942,0.9799
psi10w3,wcases_acdc_psi10_centroid.csv,ACDC_014,否,0.9861,0.9500,-0.0361,0.9836,0.9313,0.9823,0.9382,0.9926,0.9806
psi10w3,wcases_acdc_psi10_centroid.csv,ACDC_015,否,0.9967,0.9574,-0.0393,0.9973,0.9692,0.9940,0.9209,0.9988,0.9820
psi10w3,wcases_acdc_psi10_centroid.csv,ACDC_016,否,0.9976,0.9571,-0.0405,0.9980,0.9669,0.9957,0.9230,0.9990,0.9812
psi10w3,wcases_acdc_psi10_centroid.csv,ACDC_017,否,0.9841,0.9522,-0.0318,0.9874,0.9566,0.9714,0.9196,0.9934,0.9805
psi10w3,wcases_acdc_psi10_centroid.csv,ACDC_018,否,0.9829,0.9417,-0.0413,0.9861,0.9390,0.9719,0.9133,0.9908,0.9726
psi10w3,wcases_acdc_psi10_centroid.csv,ACDC_019,否,0.9877,0.9551,-0.0326,0.9882,0.9590,0.9813,0.9283,0.9937,0.9781
psi10w3,wcases_acdc_psi10_centroid.csv,ACDC_020,否,0.9884,0.9454,-0.0431,0.9853,0.9283,0.9871,0.9350,0.9929,0.9727
psi10w3,wcases_acdc_psi10_centroid.csv,ACDC_021,否,0.9868,0.9506,-0.0362,0.9903,0.9561,0.9745,0.9120,0.9956,0.9837
psi10w3,wcases_acdc_psi10_centroid.csv,ACDC_022,否,0.9878,0.9555,-0.0323,0.9902,0.9585,0.9786,0.9236,0.9947,0.9843
psi10w3,wcases_acdc_psi10_centroid.csv,ACDC_023,否,0.9968,0.9533,-0.0435,0.9982,0.9760,0.9928,0.9017,0.9993,0.9820
psi10w3,wcases_acdc_psi10_centroid.csv,ACDC_024,否,0.9970,0.9572,-0.0398,0.9980,0.9715,0.9942,0.9192,0.9989,0.9809
psi10w3,wcases_acdc_psi10_centroid.csv,ACDC_025,否,0.9898,0.9724,-0.0173,0.9926,0.9710,0.9804,0.9552,0.9962,0.9912
psi10w3,wcases_acdc_psi10_centroid.csv,ACDC_026,否,0.9894,0.9710,-0.0184,0.9854,0.9651,0.9872,0.9612,0.9957,0.9867
psi10w3,wcases_acdc_psi10_centroid.csv,ACDC_027,否,0.9895,0.9635,-0.0261,0.9923,0.9768,0.9801,0.9312,0.9961,0.9824
psi10w3,wcases_acdc_psi10_centroid.csv,ACDC_028,否,0.9880,0.9639,-0.0242,0.9904,0.9704,0.9800,0.9379,0.9937,0.9833
psi10w3,wcases_acdc_psi10_centroid.csv,ACDC_029,否,0.9891,0.9502,-0.0389,0.9901,0.9500,0.9842,0.9347,0.9931,0.9660
psi10w3,wcases_acdc_psi10_centroid.csv,ACDC_031,否,0.9850,0.9531,-0.0318,0.9883,0.9540,0.9763,0.9284,0.9904,0.9769
psi10w3,wcases_acdc_psi10_centroid.csv,ACDC_035,否,0.9946,0.9503,-0.0443,0.9928,0.9544,0.9943,0.9302,0.9969,0.9664
psi10w3,wcases_acdc_psi10_centroid.csv,ACDC_037,否,0.9875,0.9558,-0.0317,0.9880,0.9677,0.9818,0.9276,0.9927,0.9722
psi10w3,wcases_acdc_psi10_centroid.csv,ACDC_038,否,0.9835,0.9474,-0.0360,0.9813,0.9359,0.9863,0.9530,0.9828,0.9534
psi10w3,wcases_acdc_psi10_centroid.csv,ACDC_039,否,0.9873,0.9534,-0.0339,0.9876,0.9463,0.9849,0.9465,0.9893,0.9675
psi10w3,wcases_acdc_psi10_centroid.csv,ACDC_040,否,0.9835,0.9452,-0.0384,0.9796,0.9178,0.9876,0.9587,0.9834,0.9590
psi10w3,wcases_acdc_psi10_centroid.csv,ACDC_041,否,0.9858,0.9488,-0.0370,0.9867,0.9503,0.9819,0.9319,0.9889,0.9641
psi10w3,wcases_acdc_psi10_centroid.csv,ACDC_042,否,0.9837,0.9420,-0.0417,0.9833,0.9124,0.9883,0.9586,0.9795,0.9551
psi10w3,wcases_acdc_psi10_centroid.csv,ACDC_043,否,0.9881,0.9508,-0.0373,0.9901,0.9577,0.9808,0.9242,0.9935,0.9704
psi10w3,wcases_acdc_psi10_centroid.csv,ACDC_044,否,0.9860,0.9499,-0.0362,0.9797,0.9294,0.9885,0.9648,0.9899,0.9553
psi10w3,wcases_acdc_psi10_centroid.csv,ACDC_045,否,0.9978,0.9575,-0.0403,0.9985,0.9667,0.9965,0.9307,0.9985,0.9750
psi10w3,wcases_acdc_psi10_centroid.csv,ACDC_047,否,0.9967,0.9438,-0.0529,0.9966,0.9292,0.9962,0.9442,0.9972,0.9580
psi10w3,wcases_acdc_psi10_centroid.csv,ACDC_049,否,0.9892,0.9559,-0.0334,0.9920,0.9655,0.9819,0.9305,0.9939,0.9716
psi10w3,wcases_acdc_psi10_centroid.csv,ACDC_053,否,0.9809,0.9537,-0.0271,0.9830,0.9492,0.9718,0.9337,0.9878,0.9783
psi10w3,wcases_acdc_psi10_centroid.csv,ACDC_054,否,0.9811,0.9458,-0.0353,0.9817,0.9364,0.9804,0.9443,0.9813,0.9567
psi10w3,wcases_acdc_psi10_centroid.csv,ACDC_055,否,0.9894,0.9529,-0.0365,0.9911,0.9605,0.9827,0.9349,0.9945,0.9633
psi10w3,wcases_acdc_psi10_centroid.csv,ACDC_057,否,0.9900,0.9608,-0.0292,0.9921,0.9536,0.9873,0.9540,0.9907,0.9748
psi10w3,wcases_acdc_psi10_centroid.csv,ACDC_058,否,0.9883,0.9534,-0.0349,0.9876,0.9296,0.9905,0.9658,0.9868,0.9649
psi10w3,wcases_acdc_psi10_centroid.csv,ACDC_059,否,0.9948,0.9510,-0.0438,0.9954,0.9489,0.9908,0.9294,0.9982,0.9746
psi10w3,wcases_acdc_psi10_centroid.csv,ACDC_061,否,0.9853,0.9522,-0.0331,0.9907,0.9660,0.9726,0.9124,0.9925,0.9783
psi10w3,wcases_acdc_psi10_centroid.csv,ACDC_063,否,0.9894,0.9431,-0.0463,0.9938,0.9633,0.9792,0.8940,0.9952,0.9719
psi10w3,wcases_acdc_psi10_centroid.csv,ACDC_067,否,0.9980,0.9548,-0.0432,0.9990,0.9712,0.9960,0.9142,0.9990,0.9791
psi10w3,wcases_acdc_psi10_centroid.csv,ACDC_068,否,0.9969,0.9475,-0.0494,0.9961,0.9416,0.9965,0.9262,0.9981,0.9746
psi10w3,wcases_acdc_psi10_centroid.csv,ACDC_069,否,0.9957,0.9527,-0.0430,0.9967,0.9586,0.9924,0.9263,0.9980,0.9733
psi10w3,wcases_acdc_psi10_centroid.csv,ACDC_070,否,0.9958,0.9452,-0.0507,0.9954,0.9279,0.9949,0.9429,0.9972,0.9648
psi10w3,wcases_acdc_psi10_centroid.csv,ACDC_071,否,0.9876,0.9492,-0.0385,0.9900,0.9550,0.9786,0.9176,0.9944,0.9750
psi10w3,wcases_acdc_psi10_centroid.csv,ACDC_072,否,0.9882,0.9382,-0.0500,0.9884,0.9251,0.9832,0.9201,0.9930,0.9694
psi10w3,wcases_acdc_psi10_centroid.csv,ACDC_075,否,0.9842,0.9449,-0.0394,0.9854,0.9291,0.9752,0.9267,0.9920,0.9788
psi10w3,wcases_acdc_psi10_centroid.csv,ACDC_077,否,0.9821,0.9399,-0.0422,0.9864,0.9438,0.9665,0.8963,0.9934,0.9796
psi10w3,wcases_acdc_psi10_centroid.csv,ACDC_079,否,0.9836,0.9536,-0.0300,0.9885,0.9656,0.9689,0.9178,0.9935,0.9775
psi10w3,wcases_acdc_psi10_centroid.csv,ACDC_081,否,0.9835,0.9490,-0.0345,0.9898,0.9681,0.9689,0.9051,0.9917,0.9738
psi10w3,wcases_acdc_psi10_centroid.csv,ACDC_082,否,0.9825,0.9450,-0.0374,0.9848,0.9410,0.9717,0.9222,0.9909,0.9719
psi10w3,wcases_acdc_psi10_centroid.csv,ACDC_083,否,0.9855,0.9605,-0.0249,0.9859,0.9596,0.9774,0.9410,0.9931,0.9810
psi10w3,wcases_acdc_psi10_centroid.csv,ACDC_085,否,0.9830,0.9466,-0.0365,0.9852,0.9310,0.9718,0.9269,0.9921,0.9818
psi10w3,wcases_acdc_psi10_centroid.csv,ACDC_086,否,0.9790,0.9467,-0.0323,0.9690,0.9274,0.9775,0.9354,0.9906,0.9772
psi10w3,wcases_acdc_psi10_centroid.csv,ACDC_087,否,0.9857,0.9582,-0.0275,0.9905,0.9652,0.9739,0.9266,0.9928,0.9829
psi10w3,wcases_acdc_psi10_centroid.csv,ACDC_088,否,0.9859,0.9521,-0.0339,0.9853,0.9422,0.9807,0.9416,0.9917,0.9724
psi10w3,wcases_acdc_psi10_centroid.csv,ACDC_089,否,0.9832,0.9544,-0.0288,0.9858,0.9365,0.9749,0.9473,0.9889,0.9795
psi10w3,wcases_acdc_psi10_centroid.csv,ACDC_090,否,0.9828,0.9510,-0.0317,0.9845,0.9436,0.9778,0.9426,0.9859,0.9668
psi10w3,wcases_acdc_psi10_centroid.csv,ACDC_091,否,0.9882,0.9614,-0.0268,0.9876,0.9653,0.9808,0.9364,0.9962,0.9825
psi10w3,wcases_acdc_psi10_centroid.csv,ACDC_093,否,0.9889,0.9732,-0.0158,0.9920,0.9756,0.9809,0.9582,0.9939,0.9858
psi10w3,wcases_acdc_psi10_centroid.csv,ACDC_095,否,0.9983,0.9656,-0.0326,0.9987,0.9740,0.9965,0.9359,0.9996,0.9870
psi10w3,wcases_acdc_psi10_centroid.csv,ACDC_097,否,0.9881,0.9614,-0.0267,0.9921,0.9724,0.9795,0.9300,0.9927,0.9818
psi10w3,wcases_acdc_psi10_centroid.csv,ACDC_098,否,0.9887,0.9563,-0.0325,0.9892,0.9467,0.9856,0.9548,0.9915,0.9674
psi10w3,wcases_acdc_psi10_centroid.csv,ACDC_099,否,0.9868,0.9588,-0.0280,0.9908,0.9685,0.9761,0.9267,0.9935,0.9814
psi10w3,wcases_acdc_psi10_centroid.csv,ACDC_100,否,0.9864,0.9524,-0.0340,0.9864,0.9497,0.9841,0.9484,0.9886,0.9591
psi10w3,wcases_acdc_psi10_centroid.csv,ACDC_101,否,0.9844,0.9450,-0.0394,0.9894,0.9485,0.9721,0.9137,0.9918,0.9729
psi10w3,wcases_acdc_psi10_centroid.csv,ACDC_103,否,0.9869,0.9592,-0.0278,0.9899,0.9723,0.9795,0.9334,0.9914,0.9718
psi10w3,wcases_acdc_psi10_centroid.csv,ACDC_105,否,0.9873,0.9583,-0.0290,0.9924,0.9728,0.9780,0.9220,0.9916,0.9802
psi10w3,wcases_acdc_psi10_centroid.csv,ACDC_106,否,0.9876,0.9521,-0.0354,0.9882,0.9492,0.9862,0.9446,0.9883,0.9626
psi10w3,wcases_acdc_psi10_centroid.csv,ACDC_107,否,0.9854,0.9490,-0.0364,0.9891,0.9654,0.9740,0.9096,0.9931,0.9720
psi10w3,wcases_acdc_psi10_centroid.csv,ACDC_113,否,0.9959,0.9578,-0.0381,0.9971,0.9673,0.9927,0.9244,0.9979,0.9818
psi10w3,wcases_acdc_psi10_centroid.csv,ACDC_115,否,0.9980,0.9617,-0.0363,0.9984,0.9780,0.9964,0.9315,0.9992,0.9756
psi10w3,wcases_acdc_psi10_centroid.csv,ACDC_117,否,0.9868,0.9553,-0.0315,0.9897,0.9665,0.9769,0.9245,0.9937,0.9748
psi10w3,wcases_acdc_psi10_centroid.csv,ACDC_119,否,0.9953,0.9590,-0.0363,0.9972,0.9673,0.9913,0.9312,0.9973,0.9784
psi10w3,wcases_acdc_psi10_centroid.csv,ACDC_121,否,0.9904,0.9559,-0.0346,0.9938,0.9712,0.9828,0.9218,0.9947,0.9746
psi10w3,wcases_acdc_psi10_centroid.csv,ACDC_122,否,0.9889,0.9293,-0.0595,0.9888,0.8764,0.9868,0.9487,0.9911,0.9629
psi10w3,wcases_acdc_psi10_centroid.csv,ACDC_123,否,0.9891,0.9707,-0.0185,0.9925,0.9715,0.9804,0.9538,0.9946,0.9867
psi10w3,wcases_acdc_psi10_centroid.csv,ACDC_124,否,0.9868,0.9668,-0.0199,0.9882,0.9579,0.9855,0.9697,0.9866,0.9729
psi10w3,wcases_acdc_psi10_centroid.csv,ACDC_125,否,0.9900,0.9789,-0.0110,0.9921,0.9810,0.9832,0.9669,0.9946,0.9888
psi10w3,wcases_acdc_psi10_centroid.csv,ACDC_127,否,0.9847,0.9700,-0.0147,0.9879,0.9658,0.9755,0.9597,0.9908,0.9845
psi10w3,wcases_acdc_psi10_centroid.csv,ACDC_128,否,0.9832,0.9580,-0.0253,0.9824,0.9362,0.9825,0.9662,0.9848,0.9716
psi10w3,wcases_acdc_psi10_centroid.csv,ACDC_129,否,0.9891,0.9705,-0.0186,0.9932,0.9830,0.9811,0.9468,0.9931,0.9817
psi10w3,wcases_acdc_psi10_centroid.csv,ACDC_131,否,0.9781,0.9462,-0.0319,0.9863,0.9541,0.9572,0.9041,0.9907,0.9803
psi10w3,wcases_acdc_psi10_centroid.csv,ACDC_132,否,0.9828,0.9558,-0.0270,0.9844,0.9640,0.9739,0.9344,0.9900,0.9689
psi10w3,wcases_acdc_psi10_centroid.csv,ACDC_133,否,0.9975,0.9474,-0.0501,0.9988,0.9628,0.9961,0.9217,0.9975,0.9576
psi10w3,wcases_acdc_psi10_centroid.csv,ACDC_135,否,0.9827,0.9511,-0.0316,0.9913,0.9719,0.9650,0.9043,0.9918,0.9770
psi10w3,wcases_acdc_psi10_centroid.csv,ACDC_137,否,0.9833,0.9440,-0.0393,0.9917,0.9582,0.9674,0.9038,0.9909,0.9700
psi10w3,wcases_acdc_psi10_centroid.csv,ACDC_138,否,0.9808,0.9498,-0.0310,0.9893,0.9680,0.9746,0.9310,0.9785,0.9503
psi10w3,wcases_acdc_psi10_centroid.csv,ACDC_139,否,0.9981,0.9521,-0.0460,0.9994,0.9725,0.9964,0.9115,0.9987,0.9724
psi10w3,wcases_acdc_psi10_centroid.csv,ACDC_141,否,0.9837,0.9523,-0.0315,0.9894,0.9695,0.9696,0.9111,0.9922,0.9762
psi10w3,wcases_acdc_psi10_centroid.csv,ACDC_142,否,0.9838,0.9402,-0.0436,0.9878,0.9477,0.9756,0.9157,0.9879,0.9571
psi10w3,wcases_acdc_psi10_centroid.csv,ACDC_143,否,0.9917,0.9444,-0.0473,0.9964,0.9638,0.9838,0.9007,0.9949,0.9687
psi10w3,wcases_acdc_psi10_centroid.csv,ACDC_144,否,0.9927,0.9512,-0.0416,0.9956,0.9688,0.9882,0.9225,0.9944,0.9622
psi10w3,wcases_acdc_psi10_centroid.csv,ACDC_145,否,0.9959,0.8999,-0.0960,0.9988,0.9432,0.9911,0.7988,0.9978,0.9578
psi10w3,wcases_acdc_psi10_centroid.csv,ACDC_147,否,0.9867,0.9542,-0.0324,0.9915,0.9691,0.9744,0.9181,0.9940,0.9755
psi10w3,wcases_acdc_psi10_centroid.csv,ACDC_148,否,0.9898,0.9573,-0.0324,0.9923,0.9666,0.9866,0.9449,0.9905,0.9605
psi10w3,wcases_acdc_psi10_centroid.csv,ACDC_149,否,0.9962,0.9517,-0.0445,0.9984,0.9823,0.9915,0.8943,0.9987,0.9785
psi10w3,wcases_acdc_psi10_centroid.csv,ACDC_153,否,0.9857,0.9581,-0.0276,0.9909,0.9783,0.9731,0.9173,0.9932,0.9787
psi10w3,wcases_acdc_psi10_centroid.csv,ACDC_154,否,0.9868,0.9558,-0.0310,0.9901,0.9721,0.9804,0.9338,0.9899,0.9615
psi10w3,wcases_acdc_psi10_centroid.csv,ACDC_155,否,0.9876,0.9604,-0.0272,0.9921,0.9718,0.9774,0.9294,0.9933,0.9799
psi10w3,wcases_acdc_psi10_centroid.csv,ACDC_157,否,0.9912,0.9676,-0.0236,0.9949,0.9739,0.9831,0.9450,0.9956,0.9839
psi10w3,wcases_acdc_psi10_centroid.csv,ACDC_158,否,0.9926,0.9648,-0.0278,0.9928,0.9592,0.9894,0.9559,0.9956,0.9794
