prediction_source,expert,list_file,case,weighted,baseline_mean,expert_mean,delta,RV_baseline,RV_expert,Myo_baseline,Myo_expert,LV_baseline,LV_expert,result
fold_all訓練集預測,psi1w3,wcases_psi1_convex.csv,ACDC_001,是,0.9969,0.9712,-0.0257,0.9964,0.9733,0.9955,0.9515,0.9988,0.9889,下降
fold_all訓練集預測,psi1w3,wcases_psi1_convex.csv,ACDC_002,是,0.9970,0.9710,-0.0260,0.9949,0.9664,0.9969,0.9594,0.9994,0.9872,下降
fold_all訓練集預測,psi1w3,wcases_psi1_convex.csv,ACDC_003,是,0.9883,0.9738,-0.0145,0.9889,0.9775,0.9800,0.9551,0.9958,0.9887,下降
fold_all訓練集預測,psi1w3,wcases_psi1_convex.csv,ACDC_004,是,0.9822,0.9633,-0.0189,0.9683,0.9412,0.9845,0.9619,0.9937,0.9867,下降
fold_all訓練集預測,psi1w3,wcases_psi1_convex.csv,ACDC_006,是,0.9930,0.9731,-0.0199,0.9943,0.9722,0.9885,0.9603,0.9962,0.9868,下降
fold_all訓練集預測,psi1w3,wcases_psi1_convex.csv,ACDC_007,是,0.9864,0.9592,-0.0273,0.9914,0.9624,0.9747,0.9331,0.9932,0.9819,下降
fold_all訓練集預測,psi1w3,wcases_psi1_convex.csv,ACDC_008,是,0.9873,0.9581,-0.0292,0.9896,0.9639,0.9783,0.9293,0.9941,0.9812,下降
fold_all訓練集預測,psi1w3,wcases_psi1_convex.csv,ACDC_013,是,0.9875,0.9703,-0.0171,0.9866,0.9682,0.9816,0.9561,0.9942,0.9867,下降
fold_all訓練集預測,psi1w3,wcases_psi1_convex.csv,ACDC_014,是,0.9861,0.9711,-0.0151,0.9836,0.9623,0.9823,0.9628,0.9926,0.9881,下降
fold_all訓練集預測,psi1w3,wcases_psi1_convex.csv,ACDC_018,是,0.9829,0.9653,-0.0176,0.9861,0.9680,0.9719,0.9445,0.9908,0.9834,下降
fold_all訓練集預測,psi1w3,wcases_psi1_convex.csv,ACDC_019,是,0.9877,0.9742,-0.0135,0.9882,0.9723,0.9813,0.9619,0.9937,0.9884,下降
fold_all訓練集預測,psi1w3,wcases_psi1_convex.csv,ACDC_020,是,0.9884,0.9720,-0.0164,0.9853,0.9648,0.9871,0.9664,0.9929,0.9849,下降
fold_all訓練集預測,psi1w3,wcases_psi1_convex.csv,ACDC_025,是,0.9898,0.9818,-0.0080,0.9926,0.9831,0.9804,0.9693,0.9962,0.9929,下降
fold_all訓練集預測,psi1w3,wcases_psi1_convex.csv,ACDC_026,是,0.9894,0.9811,-0.0083,0.9854,0.9778,0.9872,0.9742,0.9957,0.9914,下降
fold_all訓練集預測,psi1w3,wcases_psi1_convex.csv,ACDC_030,是,0.9889,0.9671,-0.0218,0.9877,0.9557,0.9907,0.9747,0.9885,0.9710,下降
fold_all訓練集預測,psi1w3,wcases_psi1_convex.csv,ACDC_032,是,0.9889,0.9789,-0.0100,0.9893,0.9792,0.9876,0.9768,0.9898,0.9808,下降
fold_all訓練集預測,psi1w3,wcases_psi1_convex.csv,ACDC_034,是,0.9862,0.9710,-0.0152,0.9835,0.9647,0.9893,0.9770,0.9857,0.9714,下降
fold_all訓練集預測,psi1w3,wcases_psi1_convex.csv,ACDC_040,是,0.9835,0.9734,-0.0101,0.9796,0.9652,0.9876,0.9773,0.9834,0.9778,下降
fold_all訓練集預測,psi1w3,wcases_psi1_convex.csv,ACDC_047,是,0.9967,0.9765,-0.0201,0.9966,0.9745,0.9962,0.9732,0.9972,0.9819,下降
fold_all訓練集預測,psi1w3,wcases_psi1_convex.csv,ACDC_048,是,0.9953,0.9742,-0.0211,0.9919,0.9628,0.9984,0.9847,0.9956,0.9751,下降
fold_all訓練集預測,psi1w3,wcases_psi1_convex.csv,ACDC_058,是,0.9883,0.9737,-0.0146,0.9876,0.9633,0.9905,0.9784,0.9868,0.9794,下降
fold_all訓練集預測,psi1w3,wcases_psi1_convex.csv,ACDC_059,是,0.9948,0.9763,-0.0185,0.9954,0.9809,0.9908,0.9616,0.9982,0.9865,下降
fold_all訓練集預測,psi1w3,wcases_psi1_convex.csv,ACDC_060,是,0.9929,0.9742,-0.0186,0.9910,0.9697,0.9912,0.9690,0.9964,0.9840,下降
fold_all訓練集預測,psi1w3,wcases_psi1_convex.csv,ACDC_064,是,0.9888,0.9690,-0.0198,0.9879,0.9689,0.9837,0.9553,0.9947,0.9826,下降
fold_all訓練集預測,psi1w3,wcases_psi1_convex.csv,ACDC_066,是,0.9805,0.9688,-0.0116,0.9739,0.9573,0.9803,0.9690,0.9871,0.9802,下降
fold_all訓練集預測,psi1w3,wcases_psi1_convex.csv,ACDC_068,是,0.9969,0.9762,-0.0207,0.9961,0.9740,0.9965,0.9669,0.9981,0.9877,下降
fold_all訓練集預測,psi1w3,wcases_psi1_convex.csv,ACDC_070,是,0.9958,0.9771,-0.0187,0.9954,0.9731,0.9949,0.9728,0.9972,0.9854,下降
fold_all訓練集預測,psi1w3,wcases_psi1_convex.csv,ACDC_074,是,0.9978,0.9782,-0.0195,0.9976,0.9771,0.9967,0.9705,0.9990,0.9871,下降
fold_all訓練集預測,psi1w3,wcases_psi1_convex.csv,ACDC_075,是,0.9842,0.9703,-0.0140,0.9854,0.9675,0.9752,0.9571,0.9920,0.9862,下降
fold_all訓練集預測,psi1w3,wcases_psi1_convex.csv,ACDC_076,是,0.9768,0.9653,-0.0115,0.9603,0.9465,0.9792,0.9636,0.9908,0.9857,下降
fold_all訓練集預測,psi1w3,wcases_psi1_convex.csv,ACDC_077,是,0.9821,0.9660,-0.0162,0.9864,0.9702,0.9665,0.9408,0.9934,0.9868,下降
fold_all訓練集預測,psi1w3,wcases_psi1_convex.csv,ACDC_078,是,0.9834,0.9651,-0.0183,0.9783,0.9551,0.9783,0.9539,0.9937,0.9862,下降
fold_all訓練集預測,psi1w3,wcases_psi1_convex.csv,ACDC_083,是,0.9855,0.9753,-0.0101,0.9859,0.9716,0.9774,0.9649,0.9931,0.9895,下降
fold_all訓練集預測,psi1w3,wcases_psi1_convex.csv,ACDC_084,是,0.9861,0.9747,-0.0113,0.9831,0.9698,0.9828,0.9689,0.9923,0.9855,下降
fold_all訓練集預測,psi1w3,wcases_psi1_convex.csv,ACDC_085,是,0.9830,0.9692,-0.0138,0.9852,0.9700,0.9718,0.9504,0.9921,0.9873,下降
fold_all訓練集預測,psi1w3,wcases_psi1_convex.csv,ACDC_086,是,0.9790,0.9643,-0.0147,0.9690,0.9490,0.9775,0.9579,0.9906,0.9859,下降
fold_all訓練集預測,psi1w3,wcases_psi1_convex.csv,ACDC_092,是,0.9843,0.9727,-0.0116,0.9778,0.9656,0.9821,0.9669,0.9931,0.9856,下降
fold_all訓練集預測,psi1w3,wcases_psi1_convex.csv,ACDC_094,是,0.9848,0.9747,-0.0101,0.9806,0.9615,0.9839,0.9768,0.9898,0.9857,下降
fold_all訓練集預測,psi1w3,wcases_psi1_convex.csv,ACDC_095,是,0.9983,0.9821,-0.0162,0.9987,0.9827,0.9965,0.9699,0.9996,0.9937,下降
fold_all訓練集預測,psi1w3,wcases_psi1_convex.csv,ACDC_096,是,0.9970,0.9794,-0.0177,0.9963,0.9730,0.9960,0.9729,0.9988,0.9923,下降
fold_all訓練集預測,psi1w3,wcases_psi1_convex.csv,ACDC_109,是,0.9937,0.9749,-0.0188,0.9962,0.9810,0.9869,0.9534,0.9981,0.9903,下降
fold_all訓練集預測,psi1w3,wcases_psi1_convex.csv,ACDC_110,是,0.9938,0.9770,-0.0168,0.9943,0.9773,0.9915,0.9682,0.9958,0.9856,下降
fold_all訓練集預測,psi1w3,wcases_psi1_convex.csv,ACDC_112,是,0.9957,0.9820,-0.0137,0.9931,0.9760,0.9970,0.9815,0.9971,0.9886,下降
fold_all訓練集預測,psi1w3,wcases_psi1_convex.csv,ACDC_114,是,0.9974,0.9773,-0.0201,0.9964,0.9700,0.9967,0.9738,0.9992,0.9882,下降
fold_all訓練集預測,psi1w3,wcases_psi1_convex.csv,ACDC_118,是,0.9889,0.9745,-0.0144,0.9879,0.9694,0.9876,0.9743,0.9912,0.9798,下降
fold_all訓練集預測,psi1w3,wcases_psi1_convex.csv,ACDC_125,是,0.9900,0.9861,-0.0038,0.9921,0.9880,0.9832,0.9775,0.9946,0.9928,下降
fold_all訓練集預測,psi1w3,wcases_psi1_convex.csv,ACDC_126,是,0.9872,0.9791,-0.0080,0.9870,0.9738,0.9880,0.9807,0.9865,0.9829,下降
fold_all訓練集預測,psi1w3,wcases_psi1_convex.csv,ACDC_131,是,0.9781,0.9616,-0.0165,0.9863,0.9704,0.9572,0.9299,0.9907,0.9844,下降
fold_all訓練集預測,psi6w3,wcases_psi6_cc.csv,ACDC_001,是,0.9969,0.9591,-0.0379,0.9964,0.9618,0.9955,0.9306,0.9988,0.9847,下降
fold_all訓練集預測,psi6w3,wcases_psi6_cc.csv,ACDC_003,是,0.9883,0.9633,-0.0250,0.9889,0.9702,0.9800,0.9373,0.9958,0.9823,下降
fold_all訓練集預測,psi6w3,wcases_psi6_cc.csv,ACDC_004,是,0.9822,0.9468,-0.0353,0.9683,0.9208,0.9845,0.9415,0.9937,0.9782,下降
fold_all訓練集預測,psi6w3,wcases_psi6_cc.csv,ACDC_005,是,0.9928,0.9637,-0.0291,0.9946,0.9649,0.9875,0.9428,0.9963,0.9834,下降
fold_all訓練集預測,psi6w3,wcases_psi6_cc.csv,ACDC_006,是,0.9930,0.9651,-0.0279,0.9943,0.9667,0.9885,0.9459,0.9962,0.9827,下降
fold_all訓練集預測,psi6w3,wcases_psi6_cc.csv,ACDC_016,是,0.9976,0.9669,-0.0306,0.9980,0.9727,0.9957,0.9428,0.9990,0.9853,下降
fold_all訓練集預測,psi6w3,wcases_psi6_cc.csv,ACDC_021,是,0.9868,0.9628,-0.0240,0.9903,0.9685,0.9745,0.9328,0.9956,0.9870,下降
fold_all訓練集預測,psi6w3,wcases_psi6_cc.csv,ACDC_022,是,0.9878,0.9651,-0.0228,0.9902,0.9691,0.9786,0.9392,0.9947,0.9869,下降
fold_all訓練集預測,psi6w3,wcases_psi6_cc.csv,ACDC_025,是,0.9898,0.9784,-0.0114,0.9926,0.9788,0.9804,0.9647,0.9962,0.9916,下降
fold_all訓練集預測,psi6w3,wcases_psi6_cc.csv,ACDC_045,是,0.9978,0.9707,-0.0271,0.9985,0.9755,0.9965,0.9535,0.9985,0.9832,下降
fold_all訓練集預測,psi6w3,wcases_psi6_cc.csv,ACDC_046,是,0.9967,0.9666,-0.0301,0.9954,0.9494,0.9977,0.9714,0.9970,0.9788,下降
fold_all訓練集預測,psi6w3,wcases_psi6_cc.csv,ACDC_048,是,0.9953,0.9605,-0.0347,0.9919,0.9353,0.9984,0.9791,0.9956,0.9672,下降
fold_all訓練集預測,psi6w3,wcases_psi6_cc.csv,ACDC_058,是,0.9883,0.9679,-0.0204,0.9876,0.9524,0.9905,0.9739,0.9868,0.9773,下降
fold_all訓練集預測,psi6w3,wcases_psi6_cc.csv,ACDC_059,是,0.9948,0.9659,-0.0289,0.9954,0.9715,0.9908,0.9460,0.9982,0.9802,下降
fold_all訓練集預測,psi6w3,wcases_psi6_cc.csv,ACDC_065,是,0.9840,0.9614,-0.0226,0.9874,0.9623,0.9744,0.9417,0.9903,0.9803,下降
fold_all訓練集預測,psi6w3,wcases_psi6_cc.csv,ACDC_066,是,0.9805,0.9607,-0.0198,0.9739,0.9422,0.9803,0.9636,0.9871,0.9761,下降
fold_all訓練集預測,psi6w3,wcases_psi6_cc.csv,ACDC_069,是,0.9957,0.9624,-0.0333,0.9967,0.9665,0.9924,0.9403,0.9980,0.9803,下降
fold_all訓練集預測,psi6w3,wcases_psi6_cc.csv,ACDC_071,是,0.9876,0.9609,-0.0267,0.9900,0.9671,0.9786,0.9347,0.9944,0.9810,下降
fold_all訓練集預測,psi6w3,wcases_psi6_cc.csv,ACDC_072,是,0.9882,0.9619,-0.0263,0.9884,0.9606,0.9832,0.9451,0.9930,0.9799,下降
fold_all訓練集預測,psi6w3,wcases_psi6_cc.csv,ACDC_074,是,0.9978,0.9671,-0.0307,0.9976,0.9647,0.9967,0.9555,0.9990,0.9810,下降
fold_all訓練集預測,psi6w3,wcases_psi6_cc.csv,ACDC_075,是,0.9842,0.9587,-0.0255,0.9854,0.9476,0.9752,0.9450,0.9920,0.9837,下降
fold_all訓練集預測,psi6w3,wcases_psi6_cc.csv,ACDC_076,是,0.9768,0.9569,-0.0199,0.9603,0.9353,0.9792,0.9532,0.9908,0.9821,下降
fold_all訓練集預測,psi6w3,wcases_psi6_cc.csv,ACDC_077,是,0.9821,0.9576,-0.0245,0.9864,0.9632,0.9665,0.9249,0.9934,0.9847,下降
fold_all訓練集預測,psi6w3,wcases_psi6_cc.csv,ACDC_079,是,0.9836,0.9620,-0.0216,0.9885,0.9716,0.9689,0.9330,0.9935,0.9813,下降
fold_all訓練集預測,psi6w3,wcases_psi6_cc.csv,ACDC_080,是,0.9872,0.9605,-0.0268,0.9865,0.9613,0.9814,0.9464,0.9938,0.9737,下降
fold_all訓練集預測,psi6w3,wcases_psi6_cc.csv,ACDC_081,是,0.9835,0.9601,-0.0233,0.9898,0.9746,0.9689,0.9247,0.9917,0.9810,下降
fold_all訓練集預測,psi6w3,wcases_psi6_cc.csv,ACDC_082,是,0.9825,0.9633,-0.0192,0.9848,0.9666,0.9717,0.9459,0.9909,0.9774,下降
fold_all訓練集預測,psi6w3,wcases_psi6_cc.csv,ACDC_086,是,0.9790,0.9611,-0.0179,0.9690,0.9485,0.9775,0.9512,0.9906,0.9836,下降
fold_all訓練集預測,psi6w3,wcases_psi6_cc.csv,ACDC_087,是,0.9857,0.9679,-0.0178,0.9905,0.9728,0.9739,0.9440,0.9928,0.9869,下降
fold_all訓練集預測,psi6w3,wcases_psi6_cc.csv,ACDC_091,是,0.9882,0.9717,-0.0165,0.9876,0.9727,0.9808,0.9534,0.9962,0.9888,下降
fold_all訓練集預測,psi6w3,wcases_psi6_cc.csv,ACDC_094,是,0.9848,0.9712,-0.0136,0.9806,0.9607,0.9839,0.9697,0.9898,0.9833,下降
fold_all訓練集預測,psi6w3,wcases_psi6_cc.csv,ACDC_096,是,0.9970,0.9698,-0.0272,0.9963,0.9593,0.9960,0.9619,0.9988,0.9884,下降
fold_all訓練集預測,psi6w3,wcases_psi6_cc.csv,ACDC_097,是,0.9881,0.9665,-0.0216,0.9921,0.9781,0.9795,0.9386,0.9927,0.9829,下降
fold_all訓練集預測,psi6w3,wcases_psi6_cc.csv,ACDC_101,是,0.9844,0.9590,-0.0255,0.9894,0.9683,0.9721,0.9321,0.9918,0.9764,下降
fold_all訓練集預測,psi6w3,wcases_psi6_cc.csv,ACDC_104,是,0.9879,0.9646,-0.0233,0.9894,0.9627,0.9854,0.9605,0.9888,0.9706,下降
fold_all訓練集預測,psi6w3,wcases_psi6_cc.csv,ACDC_105,是,0.9873,0.9655,-0.0219,0.9924,0.9760,0.9780,0.9371,0.9916,0.9833,下降
fold_all訓練集預測,psi6w3,wcases_psi6_cc.csv,ACDC_112,是,0.9957,0.9708,-0.0249,0.9931,0.9586,0.9970,0.9694,0.9971,0.9845,下降
fold_all訓練集預測,psi6w3,wcases_psi6_cc.csv,ACDC_113,是,0.9959,0.9658,-0.0301,0.9971,0.9742,0.9927,0.9403,0.9979,0.9831,下降
fold_all訓練集預測,psi6w3,wcases_psi6_cc.csv,ACDC_117,是,0.9868,0.9632,-0.0236,0.9897,0.9734,0.9769,0.9366,0.9937,0.9796,下降
fold_all訓練集預測,psi6w3,wcases_psi6_cc.csv,ACDC_119,是,0.9953,0.9671,-0.0282,0.9972,0.9720,0.9913,0.9451,0.9973,0.9841,下降
fold_all訓練集預測,psi6w3,wcases_psi6_cc.csv,ACDC_123,是,0.9891,0.9785,-0.0107,0.9925,0.9806,0.9804,0.9649,0.9946,0.9900,下降
fold_all訓練集預測,psi6w3,wcases_psi6_cc.csv,ACDC_129,是,0.9891,0.9743,-0.0148,0.9932,0.9859,0.9811,0.9536,0.9931,0.9834,下降
fold_all訓練集預測,psi6w3,wcases_psi6_cc.csv,ACDC_138,是,0.9808,0.9612,-0.0196,0.9893,0.9730,0.9746,0.9497,0.9785,0.9608,下降
fold_all訓練集預測,psi6w3,wcases_psi6_cc.csv,ACDC_142,是,0.9838,0.9582,-0.0255,0.9878,0.9693,0.9756,0.9366,0.9879,0.9689,下降
fold_all訓練集預測,psi6w3,wcases_psi6_cc.csv,ACDC_145,是,0.9959,0.9388,-0.0571,0.9988,0.9556,0.9911,0.8856,0.9978,0.9751,下降
fold_all訓練集預測,psi6w3,wcases_psi6_cc.csv,ACDC_154,是,0.9868,0.9634,-0.0234,0.9901,0.9746,0.9804,0.9456,0.9899,0.9699,下降
fold_all訓練集預測,psi7w3,wcases_psi7_genus.csv,ACDC_006,是,0.9930,0.9768,-0.0162,0.9943,0.9779,0.9885,0.9649,0.9962,0.9875,下降
fold_all訓練集預測,psi7w3,wcases_psi7_genus.csv,ACDC_026,是,0.9894,0.9830,-0.0064,0.9854,0.9812,0.9872,0.9763,0.9957,0.9915,下降
fold_all訓練集預測,psi7w3,wcases_psi7_genus.csv,ACDC_030,是,0.9889,0.9739,-0.0151,0.9877,0.9654,0.9907,0.9799,0.9885,0.9764,下降
fold_all訓練集預測,psi7w3,wcases_psi7_genus.csv,ACDC_034,是,0.9862,0.9731,-0.0131,0.9835,0.9663,0.9893,0.9775,0.9857,0.9754,下降
fold_all訓練集預測,psi7w3,wcases_psi7_genus.csv,ACDC_036,是,0.9952,0.9820,-0.0131,0.9946,0.9752,0.9959,0.9842,0.9949,0.9867,下降
fold_all訓練集預測,psi7w3,wcases_psi7_genus.csv,ACDC_040,是,0.9835,0.9770,-0.0066,0.9796,0.9708,0.9876,0.9798,0.9834,0.9803,下降
fold_all訓練集預測,psi7w3,wcases_psi7_genus.csv,ACDC_042,是,0.9837,0.9761,-0.0076,0.9833,0.9738,0.9883,0.9805,0.9795,0.9741,下降
fold_all訓練集預測,psi7w3,wcases_psi7_genus.csv,ACDC_044,是,0.9860,0.9797,-0.0063,0.9797,0.9731,0.9885,0.9818,0.9899,0.9842,下降
fold_all訓練集預測,psi7w3,wcases_psi7_genus.csv,ACDC_048,是,0.9953,0.9806,-0.0146,0.9919,0.9722,0.9984,0.9874,0.9956,0.9823,下降
fold_all訓練集預測,psi7w3,wcases_psi7_genus.csv,ACDC_050,是,0.9882,0.9752,-0.0129,0.9876,0.9714,0.9897,0.9782,0.9871,0.9761,下降
fold_all訓練集預測,psi7w3,wcases_psi7_genus.csv,ACDC_052,是,0.9898,0.9828,-0.0070,0.9839,0.9715,0.9910,0.9847,0.9945,0.9921,下降
fold_all訓練集預測,psi7w3,wcases_psi7_genus.csv,ACDC_056,是,0.9883,0.9782,-0.0102,0.9885,0.9784,0.9908,0.9821,0.9857,0.9739,下降
fold_all訓練集預測,psi7w3,wcases_psi7_genus.csv,ACDC_068,是,0.9969,0.9794,-0.0175,0.9961,0.9801,0.9965,0.9703,0.9981,0.9878,下降
fold_all訓練集預測,psi7w3,wcases_psi7_genus.csv,ACDC_082,是,0.9825,0.9745,-0.0080,0.9848,0.9799,0.9717,0.9608,0.9909,0.9828,下降
fold_all訓練集預測,psi7w3,wcases_psi7_genus.csv,ACDC_090,是,0.9828,0.9771,-0.0057,0.9845,0.9759,0.9778,0.9713,0.9859,0.9841,下降
fold_all訓練集預測,psi7w3,wcases_psi7_genus.csv,ACDC_110,是,0.9938,0.9796,-0.0142,0.9943,0.9820,0.9915,0.9710,0.9958,0.9859,下降
fold_all訓練集預測,psi7w3,wcases_psi7_genus.csv,ACDC_112,是,0.9957,0.9868,-0.0090,0.9931,0.9828,0.9970,0.9852,0.9971,0.9923,下降
fold_all訓練集預測,psi7w3,wcases_psi7_genus.csv,ACDC_128,是,0.9832,0.9791,-0.0041,0.9824,0.9768,0.9825,0.9795,0.9848,0.9811,下降
fold_all訓練集預測,psi7w3,wcases_psi7_genus.csv,ACDC_142,是,0.9838,0.9701,-0.0137,0.9878,0.9811,0.9756,0.9531,0.9879,0.9760,下降
fold_all訓練集預測,psi7w3,wcases_psi7_genus.csv,ACDC_154,是,0.9868,0.9719,-0.0149,0.9901,0.9778,0.9804,0.9591,0.9899,0.9788,下降
fold_all訓練集預測,psi10w3,wcases_acdc_psi10_centroid.csv,ACDC_030,是,0.9889,0.9441,-0.0449,0.9877,0.9135,0.9907,0.9651,0.9885,0.9535,下降
fold_all訓練集預測,psi10w3,wcases_acdc_psi10_centroid.csv,ACDC_032,是,0.9889,0.9638,-0.0251,0.9893,0.9556,0.9876,0.9649,0.9898,0.9710,下降
fold_all訓練集預測,psi10w3,wcases_acdc_psi10_centroid.csv,ACDC_033,是,0.9883,0.9585,-0.0297,0.9888,0.9556,0.9864,0.9491,0.9896,0.9709,下降
fold_all訓練集預測,psi10w3,wcases_acdc_psi10_centroid.csv,ACDC_034,是,0.9862,0.9515,-0.0346,0.9835,0.9309,0.9893,0.9645,0.9857,0.9593,下降
fold_all訓練集預測,psi10w3,wcases_acdc_psi10_centroid.csv,ACDC_036,是,0.9952,0.9666,-0.0286,0.9946,0.9549,0.9959,0.9720,0.9949,0.9730,下降
fold_all訓練集預測,psi10w3,wcases_acdc_psi10_centroid.csv,ACDC_046,是,0.9967,0.9605,-0.0362,0.9954,0.9454,0.9977,0.9657,0.9970,0.9704,下降
fold_all訓練集預測,psi10w3,wcases_acdc_psi10_centroid.csv,ACDC_048,是,0.9953,0.9512,-0.0440,0.9919,0.9177,0.9984,0.9760,0.9956,0.9601,下降
fold_all訓練集預測,psi10w3,wcases_acdc_psi10_centroid.csv,ACDC_050,是,0.9882,0.9550,-0.0332,0.9876,0.9439,0.9897,0.9622,0.9871,0.9588,下降
fold_all訓練集預測,psi10w3,wcases_acdc_psi10_centroid.csv,ACDC_051,是,0.9894,0.9462,-0.0432,0.9921,0.9414,0.9847,0.9349,0.9913,0.9623,下降
fold_all訓練集預測,psi10w3,wcases_acdc_psi10_centroid.csv,ACDC_052,是,0.9898,0.9572,-0.0326,0.9839,0.9523,0.9910,0.9634,0.9945,0.9560,下降
fold_all訓練集預測,psi10w3,wcases_acdc_psi10_centroid.csv,ACDC_056,是,0.9883,0.9642,-0.0241,0.9885,0.9587,0.9908,0.9709,0.9857,0.9629,下降
fold_all訓練集預測,psi10w3,wcases_acdc_psi10_centroid.csv,ACDC_060,是,0.9929,0.9567,-0.0362,0.9910,0.9406,0.9912,0.9553,0.9964,0.9740,下降
fold_all訓練集預測,psi10w3,wcases_acdc_psi10_centroid.csv,ACDC_062,是,0.9873,0.9557,-0.0316,0.9896,0.9547,0.9809,0.9376,0.9914,0.9749,下降
fold_all訓練集預測,psi10w3,wcases_acdc_psi10_centroid.csv,ACDC_064,是,0.9888,0.9536,-0.0352,0.9879,0.9517,0.9837,0.9337,0.9947,0.9754,下降
fold_all訓練集預測,psi10w3,wcases_acdc_psi10_centroid.csv,ACDC_065,是,0.9840,0.9542,-0.0298,0.9874,0.9583,0.9744,0.9294,0.9903,0.9749,下降
fold_all訓練集預測,psi10w3,wcases_acdc_psi10_centroid.csv,ACDC_066,是,0.9805,0.9532,-0.0273,0.9739,0.9275,0.9803,0.9599,0.9871,0.9722,下降
fold_all訓練集預測,psi10w3,wcases_acdc_psi10_centroid.csv,ACDC_073,是,0.9967,0.9560,-0.0407,0.9976,0.9538,0.9945,0.9338,0.9980,0.9805,下降
fold_all訓練集預測,psi10w3,wcases_acdc_psi10_centroid.csv,ACDC_074,是,0.9978,0.9631,-0.0347,0.9976,0.9591,0.9967,0.9517,0.9990,0.9785,下降
fold_all訓練集預測,psi10w3,wcases_acdc_psi10_centroid.csv,ACDC_076,是,0.9768,0.9472,-0.0296,0.9603,0.9154,0.9792,0.9455,0.9908,0.9807,下降
fold_all訓練集預測,psi10w3,wcases_acdc_psi10_centroid.csv,ACDC_078,是,0.9834,0.9468,-0.0366,0.9783,0.9293,0.9783,0.9300,0.9937,0.9812,下降
fold_all訓練集預測,psi10w3,wcases_acdc_psi10_centroid.csv,ACDC_080,是,0.9872,0.9552,-0.0320,0.9865,0.9568,0.9814,0.9364,0.9938,0.9725,下降
fold_all訓練集預測,psi10w3,wcases_acdc_psi10_centroid.csv,ACDC_084,是,0.9861,0.9641,-0.0220,0.9831,0.9590,0.9828,0.9513,0.9923,0.9819,下降
fold_all訓練集預測,psi10w3,wcases_acdc_psi10_centroid.csv,ACDC_092,是,0.9843,0.9617,-0.0226,0.9778,0.9467,0.9821,0.9577,0.9931,0.9808,下降
fold_all訓練集預測,psi10w3,wcases_acdc_psi10_centroid.csv,ACDC_094,是,0.9848,0.9656,-0.0192,0.9806,0.9522,0.9839,0.9655,0.9898,0.9790,下降
fold_all訓練集預測,psi10w3,wcases_acdc_psi10_centroid.csv,ACDC_096,是,0.9970,0.9631,-0.0339,0.9963,0.9530,0.9960,0.9519,0.9988,0.9844,下降
fold_all訓練集預測,psi10w3,wcases_acdc_psi10_centroid.csv,ACDC_102,是,0.9860,0.9630,-0.0230,0.9884,0.9562,0.9853,0.9622,0.9842,0.9706,下降
fold_all訓練集預測,psi10w3,wcases_acdc_psi10_centroid.csv,ACDC_104,是,0.9879,0.9597,-0.0282,0.9894,0.9569,0.9854,0.9555,0.9888,0.9668,下降
fold_all訓練集預測,psi10w3,wcases_acdc_psi10_centroid.csv,ACDC_108,是,0.9840,0.9581,-0.0259,0.9871,0.9615,0.9783,0.9495,0.9865,0.9632,下降
fold_all訓練集預測,psi10w3,wcases_acdc_psi10_centroid.csv,ACDC_109,是,0.9937,0.9636,-0.0302,0.9962,0.9752,0.9869,0.9303,0.9981,0.9852,下降
fold_all訓練集預測,psi10w3,wcases_acdc_psi10_centroid.csv,ACDC_110,是,0.9938,0.9655,-0.0284,0.9943,0.9666,0.9915,0.9535,0.9958,0.9764,下降
fold_all訓練集預測,psi10w3,wcases_acdc_psi10_centroid.csv,ACDC_111,是,0.9970,0.9667,-0.0303,0.9982,0.9754,0.9953,0.9411,0.9977,0.9836,下降
fold_all訓練集預測,psi10w3,wcases_acdc_psi10_centroid.csv,ACDC_112,是,0.9957,0.9664,-0.0294,0.9931,0.9532,0.9970,0.9643,0.9971,0.9816,下降
fold_all訓練集預測,psi10w3,wcases_acdc_psi10_centroid.csv,ACDC_114,是,0.9974,0.9643,-0.0331,0.9964,0.9567,0.9967,0.9570,0.9992,0.9792,下降
fold_all訓練集預測,psi10w3,wcases_acdc_psi10_centroid.csv,ACDC_116,是,0.9969,0.9662,-0.0307,0.9976,0.9643,0.9960,0.9635,0.9970,0.9708,下降
fold_all訓練集預測,psi10w3,wcases_acdc_psi10_centroid.csv,ACDC_118,是,0.9889,0.9689,-0.0200,0.9879,0.9582,0.9876,0.9690,0.9912,0.9796,下降
fold_all訓練集預測,psi10w3,wcases_acdc_psi10_centroid.csv,ACDC_120,是,0.9958,0.9624,-0.0334,0.9969,0.9653,0.9947,0.9474,0.9959,0.9746,下降
fold_all訓練集預測,psi10w3,wcases_acdc_psi10_centroid.csv,ACDC_126,是,0.9872,0.9707,-0.0164,0.9870,0.9620,0.9880,0.9740,0.9865,0.9762,下降
fold_all訓練集預測,psi10w3,wcases_acdc_psi10_centroid.csv,ACDC_130,是,0.9885,0.9761,-0.0124,0.9877,0.9708,0.9876,0.9753,0.9901,0.9822,下降
fold_all訓練集預測,psi10w3,wcases_acdc_psi10_centroid.csv,ACDC_134,是,0.9969,0.9713,-0.0256,0.9985,0.9775,0.9972,0.9659,0.9951,0.9706,下降
fold_all訓練集預測,psi10w3,wcases_acdc_psi10_centroid.csv,ACDC_136,是,0.9818,0.9568,-0.0249,0.9876,0.9624,0.9760,0.9457,0.9818,0.9624,下降
fold_all訓練集預測,psi10w3,wcases_acdc_psi10_centroid.csv,ACDC_140,是,0.9976,0.9662,-0.0314,0.9986,0.9771,0.9969,0.9553,0.9973,0.9663,下降
fold_all訓練集預測,psi10w3,wcases_acdc_psi10_centroid.csv,ACDC_146,是,0.9978,0.9465,-0.0513,0.9985,0.9553,0.9961,0.9201,0.9987,0.9641,下降
fold_all訓練集預測,psi10w3,wcases_acdc_psi10_centroid.csv,ACDC_150,是,0.9972,0.9620,-0.0352,0.9973,0.9703,0.9962,0.9401,0.9983,0.9756,下降
fold_all訓練集預測,psi10w3,wcases_acdc_psi10_centroid.csv,ACDC_151,是,0.9860,0.9624,-0.0236,0.9916,0.9663,0.9736,0.9374,0.9928,0.9833,下降
fold_all訓練集預測,psi10w3,wcases_acdc_psi10_centroid.csv,ACDC_152,是,0.9839,0.9537,-0.0302,0.9877,0.9563,0.9720,0.9356,0.9920,0.9691,下降
fold_all訓練集預測,psi10w3,wcases_acdc_psi10_centroid.csv,ACDC_156,是,0.9853,0.9639,-0.0214,0.9908,0.9634,0.9820,0.9585,0.9832,0.9699,下降
fold_all訓練集預測,psi10w3,wcases_acdc_psi10_centroid.csv,ACDC_159,是,0.9885,0.9727,-0.0158,0.9932,0.9753,0.9793,0.9584,0.9929,0.9844,下降
fold_all訓練集預測,psi10w3,wcases_acdc_psi10_centroid.csv,ACDC_160,是,0.9892,0.9785,-0.0107,0.9914,0.9805,0.9870,0.9740,0.9891,0.9809,下降
