expert,list_file,case,weighted,baseline_mean,expert_mean,delta,Aorta_baseline,Aorta_expert,Gallbl_baseline,Gallbl_expert,KidL_baseline,KidL_expert,KidR_baseline,KidR_expert,Liver_baseline,Liver_expert,Pancr_baseline,Pancr_expert,Spleen_baseline,Spleen_expert,Stomach_baseline,Stomach_expert
psi1w3,wcases_btcv_psi1_convex.csv,BTCV_001,是,0.8069,0.8558,0.0489,0.9227,0.9217,0.8865,0.9105,0.6989,0.7825,0.4337,0.7181,0.9566,0.9580,0.7251,0.7249,0.9399,0.9383,0.8916,0.8922
psi1w3,wcases_btcv_psi1_convex.csv,BTCV_002,是,0.7831,0.7554,-0.0278,0.9347,0.9406,0.8445,0.8465,0.6720,0.6121,0.7599,0.6829,0.9681,0.9686,0.4754,0.4891,0.8480,0.8552,0.7625,0.6483
psi1w3,wcases_btcv_psi1_convex.csv,BTCV_004,是,0.5588,0.5093,-0.0495,0.8540,0.8831,0.0000,0.0000,0.7664,0.6316,0.7164,0.6688,0.5916,0.5939,0.7048,0.5415,0.2565,0.1724,0.5804,0.5830
psi1w3,wcases_btcv_psi1_convex.csv,BTCV_005,是,0.8599,0.8675,0.0076,0.9276,0.9246,0.6018,0.5899,0.9266,0.9407,0.9151,0.9312,0.9668,0.9656,0.7556,0.7567,0.9313,0.9254,0.8544,0.9059
psi1w3,wcases_btcv_psi1_convex.csv,BTCV_008,是,0.8104,0.8109,0.0005,0.9429,0.9407,0.0000,0.0000,0.9581,0.9649,0.9624,0.9613,0.9645,0.9714,0.8053,0.7888,0.9416,0.9715,0.9080,0.8885
psi1w3,wcases_btcv_psi1_convex.csv,BTCV_003,否,0.7274,0.7316,0.0042,0.8596,0.8773,0.0000,0.0088,0.8890,0.8767,0.8888,0.8898,0.9364,0.9045,0.6773,0.6907,0.8511,0.8356,0.7166,0.7692
psi1w3,wcases_btcv_psi1_convex.csv,BTCV_006,否,0.8530,0.8616,0.0087,0.9406,0.9385,0.8846,0.8804,0.9438,0.9225,0.9536,0.9382,0.9698,0.9705,0.4830,0.5422,0.7753,0.7904,0.8730,0.9105
psi1w3,wcases_btcv_psi1_convex.csv,BTCV_007,否,0.6952,0.7128,0.0175,0.8904,0.8846,0.0000,0.0000,0.6141,0.7087,0.7258,0.7939,0.8985,0.9263,0.7560,0.7372,0.8011,0.8226,0.8759,0.8287
psi1w3,wcases_btcv_psi1_convex.csv,BTCV_009,否,0.8752,0.8736,-0.0016,0.9346,0.9318,0.6813,0.6447,0.9429,0.9412,0.9345,0.9458,0.9709,0.9684,0.6797,0.6955,0.9660,0.9679,0.8913,0.8932
psi1w3,wcases_btcv_psi1_convex.csv,BTCV_010,否,0.8522,0.8504,-0.0019,0.9206,0.9188,0.8625,0.8611,0.8239,0.8254,0.8056,0.7990,0.9701,0.9716,0.7892,0.7924,0.9330,0.9384,0.7128,0.6962
psi1w3,wcases_btcv_psi1_convex.csv,BTCV_011,否,0.8865,0.8973,0.0108,0.9540,0.9560,0.6007,0.7159,0.9379,0.9322,0.9262,0.9244,0.9367,0.9400,0.8405,0.8186,0.9694,0.9667,0.9267,0.9249
psi1w3,wcases_btcv_psi1_convex.csv,BTCV_012,否,0.9183,0.9091,-0.0092,0.9449,0.9544,0.9258,0.8929,0.9420,0.9201,0.9269,0.9253,0.9688,0.9661,0.7497,0.7247,0.9730,0.9731,0.9152,0.9162
psi1w3,wcases_btcv_psi1_convex.csv,BTCV_013,否,0.9292,0.9331,0.0040,0.9551,0.9506,0.9073,0.9139,0.9494,0.9476,0.9548,0.9578,0.9650,0.9644,0.8590,0.8827,0.9559,0.9650,0.8867,0.8829
psi1w3,wcases_btcv_psi1_convex.csv,BTCV_014,否,0.8440,0.8540,0.0100,0.8519,0.8524,0.7799,0.7983,0.8620,0.8630,0.9174,0.9177,0.9202,0.9185,0.6909,0.7255,0.9442,0.9530,0.7853,0.8035
psi1w3,wcases_btcv_psi1_convex.csv,BTCV_015,否,0.8727,0.8807,0.0080,0.9310,0.9255,0.5557,0.5412,0.9398,0.9601,0.9566,0.9480,0.9652,0.9677,0.7962,0.8386,0.9569,0.9548,0.8798,0.9096
psi1w3,wcases_btcv_psi1_convex.csv,BTCV_016,否,0.8637,0.8714,0.0077,0.9051,0.9101,0.9246,0.9129,0.9564,0.9451,0.9555,0.9464,0.9687,0.9708,0.7210,0.7835,0.9330,0.9415,0.5451,0.5608
psi1w3,wcases_btcv_psi1_convex.csv,BTCV_017,否,0.9019,0.9036,0.0017,0.8935,0.9018,0.8426,0.8493,0.9353,0.9365,0.9164,0.8992,0.9716,0.9704,0.7849,0.7968,0.9670,0.9707,0.9038,0.9039
psi1w3,wcases_btcv_psi1_convex.csv,BTCV_018,否,0.9057,0.9034,-0.0023,0.8902,0.9029,0.7523,0.7242,0.9711,0.9719,0.9662,0.9680,0.9762,0.9758,0.8605,0.8533,0.9668,0.9668,0.8622,0.8646
psi6w3,wcases_btcv_psi6_cc.csv,BTCV_001,是,0.8069,0.7697,-0.0372,0.9227,0.9021,0.8865,0.8620,0.6989,0.6695,0.4337,0.2849,0.9566,0.9528,0.7251,0.6373,0.9399,0.9456,0.8916,0.9031
psi6w3,wcases_btcv_psi6_cc.csv,BTCV_003,是,0.7274,0.6682,-0.0591,0.8596,0.8365,0.0000,0.0000,0.8890,0.8241,0.8888,0.6388,0.9364,0.8513,0.6773,0.6903,0.8511,0.7767,0.7166,0.7283
psi6w3,wcases_btcv_psi6_cc.csv,BTCV_004,是,0.5588,0.5705,0.0118,0.8540,0.8705,0.0000,0.0015,0.7664,0.8157,0.7164,0.8004,0.5916,0.6026,0.7048,0.6356,0.2565,0.2673,0.5804,0.5709
psi6w3,wcases_btcv_psi6_cc.csv,BTCV_006,是,0.8530,0.8500,-0.0029,0.9406,0.9315,0.8846,0.8797,0.9438,0.9254,0.9536,0.9097,0.9698,0.9696,0.4830,0.5408,0.7753,0.7980,0.8730,0.8455
psi6w3,wcases_btcv_psi6_cc.csv,BTCV_007,是,0.6952,0.7454,0.0501,0.8904,0.8847,0.0000,0.0000,0.6141,0.7710,0.7258,0.8803,0.8985,0.9345,0.7560,0.7393,0.8011,0.8927,0.8759,0.8605
psi6w3,wcases_btcv_psi6_cc.csv,BTCV_016,是,0.8637,0.8282,-0.0355,0.9051,0.9033,0.9246,0.9061,0.9564,0.8654,0.9555,0.9490,0.9687,0.9704,0.7210,0.6393,0.9330,0.9124,0.5451,0.4795
psi6w3,wcases_btcv_psi6_cc.csv,BTCV_002,否,0.7831,0.7886,0.0054,0.9347,0.9351,0.8445,0.8309,0.6720,0.6653,0.7599,0.6670,0.9681,0.9663,0.4754,0.5528,0.8480,0.8679,0.7625,0.8233
psi6w3,wcases_btcv_psi6_cc.csv,BTCV_005,否,0.8599,0.8425,-0.0175,0.9276,0.9236,0.6018,0.4428,0.9266,0.9319,0.9151,0.9281,0.9668,0.9643,0.7556,0.7391,0.9313,0.9344,0.8544,0.8755
psi6w3,wcases_btcv_psi6_cc.csv,BTCV_008,否,0.8104,0.8074,-0.0029,0.9429,0.9439,0.0000,0.0000,0.9581,0.9424,0.9624,0.9588,0.9645,0.9609,0.8053,0.8099,0.9416,0.9347,0.9080,0.9088
psi6w3,wcases_btcv_psi6_cc.csv,BTCV_009,否,0.8752,0.8759,0.0007,0.9346,0.9374,0.6813,0.6505,0.9429,0.9535,0.9345,0.9481,0.9709,0.9707,0.6797,0.6861,0.9660,0.9679,0.8913,0.8928
psi6w3,wcases_btcv_psi6_cc.csv,BTCV_010,否,0.8522,0.8508,-0.0014,0.9206,0.9152,0.8625,0.8584,0.8239,0.8184,0.8056,0.8001,0.9701,0.9717,0.7892,0.7938,0.9330,0.9344,0.7128,0.7144
psi6w3,wcases_btcv_psi6_cc.csv,BTCV_011,否,0.8865,0.8643,-0.0222,0.9540,0.9547,0.6007,0.4850,0.9379,0.9317,0.9262,0.9344,0.9367,0.9234,0.8405,0.8026,0.9694,0.9711,0.9267,0.9117
psi6w3,wcases_btcv_psi6_cc.csv,BTCV_012,否,0.9183,0.8871,-0.0312,0.9449,0.9382,0.9258,0.9004,0.9420,0.8328,0.9269,0.9282,0.9688,0.9630,0.7497,0.6768,0.9730,0.9513,0.9152,0.9060
psi6w3,wcases_btcv_psi6_cc.csv,BTCV_013,否,0.9292,0.9333,0.0042,0.9551,0.9563,0.9073,0.9156,0.9494,0.9479,0.9548,0.9549,0.9650,0.9652,0.8590,0.8881,0.9559,0.9553,0.8867,0.8831
psi6w3,wcases_btcv_psi6_cc.csv,BTCV_014,否,0.8440,0.8124,-0.0316,0.8519,0.8488,0.7799,0.7833,0.8620,0.7892,0.9174,0.8078,0.9202,0.9159,0.6909,0.6471,0.9442,0.9368,0.7853,0.7704
psi6w3,wcases_btcv_psi6_cc.csv,BTCV_015,否,0.8727,0.8823,0.0096,0.9310,0.9328,0.5557,0.6106,0.9398,0.9574,0.9566,0.9533,0.9652,0.9686,0.7962,0.8200,0.9569,0.9476,0.8798,0.8675
psi6w3,wcases_btcv_psi6_cc.csv,BTCV_017,否,0.9019,0.9063,0.0044,0.8935,0.8844,0.8426,0.8492,0.9353,0.9373,0.9164,0.9113,0.9716,0.9694,0.7849,0.8292,0.9670,0.9706,0.9038,0.8993
psi6w3,wcases_btcv_psi6_cc.csv,BTCV_018,否,0.9057,0.9022,-0.0034,0.8902,0.9100,0.7523,0.6787,0.9711,0.9715,0.9662,0.9681,0.9762,0.9754,0.8605,0.8840,0.9668,0.9734,0.8622,0.8569
psi8w3,wcases_btcv_psi8_rotation.csv,BTCV_001,是,0.8069,0.8251,0.0182,0.9227,0.9206,0.8865,0.8965,0.6989,0.6813,0.4337,0.6537,0.9566,0.9532,0.7251,0.7348,0.9399,0.9299,0.8916,0.8310
psi8w3,wcases_btcv_psi8_rotation.csv,BTCV_004,是,0.5588,0.5686,0.0099,0.8540,0.8950,0.0000,0.0000,0.7664,0.7813,0.7164,0.8197,0.5916,0.5943,0.7048,0.6518,0.2565,0.1789,0.5804,0.6281
psi8w3,wcases_btcv_psi8_rotation.csv,BTCV_007,是,0.7946,0.7794,-0.0151,0.8904,0.8789,,,0.6141,0.6293,0.7258,0.6951,0.8985,0.9104,0.7560,0.7563,0.8011,0.7583,0.8759,0.8277
psi8w3,wcases_btcv_psi8_rotation.csv,BTCV_008,是,0.8104,0.8139,0.0036,0.9429,0.9507,0.0000,0.0000,0.9581,0.9580,0.9624,0.9583,0.9645,0.9726,0.8053,0.8068,0.9416,0.9730,0.9080,0.8921
psi8w3,wcases_btcv_psi8_rotation.csv,BTCV_011,是,0.8865,0.8817,-0.0048,0.9540,0.9567,0.6007,0.5686,0.9379,0.9319,0.9262,0.9187,0.9367,0.9514,0.8405,0.8283,0.9694,0.9715,0.9267,0.9266
psi8w3,wcases_btcv_psi8_rotation.csv,BTCV_002,否,0.7831,0.7826,-0.0006,0.9347,0.9424,0.8445,0.8408,0.6720,0.7085,0.7599,0.6751,0.9681,0.9652,0.4754,0.5156,0.8480,0.8301,0.7625,0.7831
psi8w3,wcases_btcv_psi8_rotation.csv,BTCV_003,否,0.7274,0.7102,-0.0172,0.8596,0.8345,0.0000,0.0000,0.8890,0.8429,0.8888,0.8133,0.9364,0.9234,0.6773,0.7095,0.8511,0.8350,0.7166,0.7228
psi8w3,wcases_btcv_psi8_rotation.csv,BTCV_005,否,0.8599,0.8688,0.0088,0.9276,0.9209,0.6018,0.6407,0.9266,0.9514,0.9151,0.9393,0.9668,0.9669,0.7556,0.7437,0.9313,0.8802,0.8544,0.9071
psi8w3,wcases_btcv_psi8_rotation.csv,BTCV_006,否,0.8530,0.8361,-0.0168,0.9406,0.9333,0.8846,0.8824,0.9438,0.8910,0.9536,0.8958,0.9698,0.9684,0.4830,0.4923,0.7753,0.7699,0.8730,0.8557
psi8w3,wcases_btcv_psi8_rotation.csv,BTCV_009,否,0.8752,0.8672,-0.0079,0.9346,0.9356,0.6813,0.6294,0.9429,0.9275,0.9345,0.9402,0.9709,0.9699,0.6797,0.6675,0.9660,0.9689,0.8913,0.8988
psi8w3,wcases_btcv_psi8_rotation.csv,BTCV_010,否,0.8522,0.8472,-0.0050,0.9206,0.9094,0.8625,0.8610,0.8239,0.8204,0.8056,0.8003,0.9701,0.9702,0.7892,0.7969,0.9330,0.9214,0.7128,0.6983
psi8w3,wcases_btcv_psi8_rotation.csv,BTCV_012,否,0.9183,0.9136,-0.0047,0.9449,0.9382,0.9258,0.9190,0.9420,0.9497,0.9269,0.9348,0.9688,0.9702,0.7497,0.7148,0.9730,0.9732,0.9152,0.9092
psi8w3,wcases_btcv_psi8_rotation.csv,BTCV_013,否,0.9292,0.9253,-0.0039,0.9551,0.9248,0.9073,0.9135,0.9494,0.9504,0.9548,0.9546,0.9650,0.9645,0.8590,0.8605,0.9559,0.9628,0.8867,0.8713
psi8w3,wcases_btcv_psi8_rotation.csv,BTCV_014,否,0.8440,0.8422,-0.0017,0.8519,0.8451,0.7799,0.7933,0.8620,0.8324,0.9174,0.9137,0.9202,0.9215,0.6909,0.7075,0.9442,0.9364,0.7853,0.7879
psi8w3,wcases_btcv_psi8_rotation.csv,BTCV_015,否,0.8727,0.8734,0.0008,0.9310,0.9157,0.5557,0.5334,0.9398,0.9487,0.9566,0.9524,0.9652,0.9660,0.7962,0.8566,0.9569,0.9587,0.8798,0.8559
psi8w3,wcases_btcv_psi8_rotation.csv,BTCV_016,否,0.8637,0.8553,-0.0083,0.9051,0.9263,0.9246,0.9190,0.9564,0.9035,0.9555,0.9165,0.9687,0.9698,0.7210,0.7123,0.9330,0.9197,0.5451,0.5757
psi8w3,wcases_btcv_psi8_rotation.csv,BTCV_017,否,0.9019,0.8967,-0.0052,0.8935,0.8908,0.8426,0.8276,0.9353,0.9348,0.9164,0.9131,0.9716,0.9697,0.7849,0.7708,0.9670,0.9703,0.9038,0.8968
psi8w3,wcases_btcv_psi8_rotation.csv,BTCV_018,否,0.9057,0.9045,-0.0012,0.8902,0.8993,0.7523,0.7156,0.9711,0.9708,0.9662,0.9682,0.9762,0.9755,0.8605,0.8650,0.9668,0.9684,0.8622,0.8730
