prediction_source,expert,list_file,case,weighted,baseline_mean,expert_mean,delta,Aorta_baseline,Aorta_expert,Gallbl_baseline,Gallbl_expert,KidL_baseline,KidL_expert,KidR_baseline,KidR_expert,Liver_baseline,Liver_expert,Pancr_baseline,Pancr_expert,Spleen_baseline,Spleen_expert,Stomach_baseline,Stomach_expert,result
5折OOF,psi1w3,wcases_btcv_psi1_convex.csv,BTCV_001,是,0.8069,0.8558,0.0489,0.9227,0.9217,0.8865,0.9105,0.6989,0.7825,0.4337,0.7181,0.9566,0.9580,0.7251,0.7249,0.9399,0.9383,0.8916,0.8922,提升
5折OOF,psi1w3,wcases_btcv_psi1_convex.csv,BTCV_002,是,0.7831,0.7554,-0.0278,0.9347,0.9406,0.8445,0.8465,0.6720,0.6121,0.7599,0.6829,0.9681,0.9686,0.4754,0.4891,0.8480,0.8552,0.7625,0.6483,下降
5折OOF,psi1w3,wcases_btcv_psi1_convex.csv,BTCV_004,是,0.5588,0.5093,-0.0495,0.8540,0.8831,0.0000,0.0000,0.7664,0.6316,0.7164,0.6688,0.5916,0.5939,0.7048,0.5415,0.2565,0.1724,0.5804,0.5830,下降
5折OOF,psi1w3,wcases_btcv_psi1_convex.csv,BTCV_005,是,0.8599,0.8675,0.0076,0.9276,0.9246,0.6018,0.5899,0.9266,0.9407,0.9151,0.9312,0.9668,0.9656,0.7556,0.7567,0.9313,0.9254,0.8544,0.9059,提升
5折OOF,psi1w3,wcases_btcv_psi1_convex.csv,BTCV_008,是,0.8104,0.8109,0.0005,0.9429,0.9407,0.0000,0.0000,0.9581,0.9649,0.9624,0.9613,0.9645,0.9714,0.8053,0.7888,0.9416,0.9715,0.9080,0.8885,提升
5折OOF,psi6w3,wcases_btcv_psi6_cc.csv,BTCV_001,是,0.8069,0.7697,-0.0372,0.9227,0.9021,0.8865,0.8620,0.6989,0.6695,0.4337,0.2849,0.9566,0.9528,0.7251,0.6373,0.9399,0.9456,0.8916,0.9031,下降
5折OOF,psi6w3,wcases_btcv_psi6_cc.csv,BTCV_003,是,0.7274,0.6682,-0.0591,0.8596,0.8365,0.0000,0.0000,0.8890,0.8241,0.8888,0.6388,0.9364,0.8513,0.6773,0.6903,0.8511,0.7767,0.7166,0.7283,下降
5折OOF,psi6w3,wcases_btcv_psi6_cc.csv,BTCV_004,是,0.5588,0.5705,0.0118,0.8540,0.8705,0.0000,0.0015,0.7664,0.8157,0.7164,0.8004,0.5916,0.6026,0.7048,0.6356,0.2565,0.2673,0.5804,0.5709,提升
5折OOF,psi6w3,wcases_btcv_psi6_cc.csv,BTCV_006,是,0.8530,0.8500,-0.0029,0.9406,0.9315,0.8846,0.8797,0.9438,0.9254,0.9536,0.9097,0.9698,0.9696,0.4830,0.5408,0.7753,0.7980,0.8730,0.8455,下降
5折OOF,psi6w3,wcases_btcv_psi6_cc.csv,BTCV_007,是,0.6952,0.7454,0.0501,0.8904,0.8847,0.0000,0.0000,0.6141,0.7710,0.7258,0.8803,0.8985,0.9345,0.7560,0.7393,0.8011,0.8927,0.8759,0.8605,提升
5折OOF,psi6w3,wcases_btcv_psi6_cc.csv,BTCV_016,是,0.8637,0.8282,-0.0355,0.9051,0.9033,0.9246,0.9061,0.9564,0.8654,0.9555,0.9490,0.9687,0.9704,0.7210,0.6393,0.9330,0.9124,0.5451,0.4795,下降
5折OOF,psi8w3,wcases_btcv_psi8_rotation.csv,BTCV_001,是,0.8069,0.8251,0.0182,0.9227,0.9206,0.8865,0.8965,0.6989,0.6813,0.4337,0.6537,0.9566,0.9532,0.7251,0.7348,0.9399,0.9299,0.8916,0.8310,提升
5折OOF,psi8w3,wcases_btcv_psi8_rotation.csv,BTCV_004,是,0.5588,0.5686,0.0099,0.8540,0.8950,0.0000,0.0000,0.7664,0.7813,0.7164,0.8197,0.5916,0.5943,0.7048,0.6518,0.2565,0.1789,0.5804,0.6281,提升
5折OOF,psi8w3,wcases_btcv_psi8_rotation.csv,BTCV_007,是,0.7946,0.7794,-0.0151,0.8904,0.8789,,,0.6141,0.6293,0.7258,0.6951,0.8985,0.9104,0.7560,0.7563,0.8011,0.7583,0.8759,0.8277,下降
5折OOF,psi8w3,wcases_btcv_psi8_rotation.csv,BTCV_008,是,0.8104,0.8139,0.0036,0.9429,0.9507,0.0000,0.0000,0.9581,0.9580,0.9624,0.9583,0.9645,0.9726,0.8053,0.8068,0.9416,0.9730,0.9080,0.8921,提升
5折OOF,psi8w3,wcases_btcv_psi8_rotation.csv,BTCV_011,是,0.8865,0.8817,-0.0048,0.9540,0.9567,0.6007,0.5686,0.9379,0.9319,0.9262,0.9187,0.9367,0.9514,0.8405,0.8283,0.9694,0.9715,0.9267,0.9266,下降
